Jacob,Johnson,305 Anchor Wy,Abbotsford,BC,97687
Michael,Williams,69 Andrews Dr,Aberdeen,SD,06031
Joshua,Brown,117 Appleton Rd,Abilene,TX,96576
Matthew,Jones,272 Back Door Rd,Akron,OH,02238
Ethan,Miller,233 Bakers Rd,Canton,OH,20021
Andrew,Davis,207 Bay Shore Rd,Alamosa,CO,16745
Daniel,Garcia,786 Bayview Dr,Albany,GA,61200
Anthony,Rodriguez,322 Boatyard Rd,Albany,NY,40012
Christopher,Wilson,819 Bonyun Rd,Albuquerque,NM,50482
Joseph,Martinez,773 Bradley Rd,Alexandria,LA,46822
William,Anderson,806 Bridge Rd,Allentown,PA,88949
Alexander,Taylor,622 Brooks Cove Rd,Bethlehem,PA,52572
Ryan,Thomas,155 Burnell Rd,Easton,PA,10651
David,Hernandez,558 Castle Ln,Alliance,NE,25104
Nicholas,Moore,323 Chase Dr,Alpena,MI,99327
Tyler,Martin,482 Colby Rd,Altoona,PA,98793
James,Jackson,292 Cove Side Wy,Amarillo,TX,76559
John,Thompson,953 Cromwell Rd,Anchorage,AK,75607
Jonathan,White,567 Crooker Rd,Appleton,WI,79030
Nathan,Lopez,824 Dewey's  Wy,Asheville,NC,52968
Samuel,Lee,166 Doggett Rd,Aspen,CO,88564
Christian,Gonzalez,797 Dunn Dr,Athens,GA,85472
Noah,Harris,113 East Shore Rd,Atlanta,GA,88566
Dylan,Clark,380 Edwin Dr,Atlantic City,NJ,20173
Benjamin,Lewis,703 Eloise Dr,Augusta,GA,88129
Logan,Robinson,843 Evergreen Ln,Augusta,ME,31718
Brandon,Walker,676 Ferry Rd,Austin,TX,51149
Gabriel,Perez,950 Fowles Point Rd,Bagotville,QC,51844
Zachary,Hall,756 Fox Run Rd,Baie Comeau,QC,91569
Jose,Young,399 Goose Rock Rd,Bakersfield,CA,62270
Elijah,Allen,263 Greenleaf Rd,Baltimore,MD,24157
Angel,Sanchez,653 Harrimans Point Rd,Bangor,ME,91832
Kevin,Wright,429 Haskell Rd,Bar Harbor,ME,15510
Jack,King,976 Heron Wy,Barrow,AK,23360
Caleb,Scott,190 Hidden Rd,Bathurst,NB,68354
Justin,Green,676 Hodgdon Rd,Baton Rouge,LA,98797
Austin,Baker,459 Hopkins Rd,Beaumont,TX,26979
Evan,Adams,97 Howard Rd,Port Arthur,TX,34130
Robert,Nelson,345 Ironsides Dr,Beckley,WV,44985
Thomas,Hill,593 Jay's Ln,Bellingham,WA,59393
Luke,Ramirez,998 Jeremysquam Wy,Bemidji,MN,48467
Mason,Campbell,776 Jewett Cove Rd,Bethel,AK,17858
Aidan,Mitchell,294 Johnson Ln,Billings,MT,11461
Jackson,Roberts,952 Junction Rd,Binghamton,NY,55907
Isaiah,Carter,207 Kehail Point Rd,Birmingham,AL,65606
Jordan,Phillips,340 Knubble Bay Rd,Bismarck,ND,42402
Gavin,Evans,13 Leblanc Rd,Blanc Sablon,QC,52168
Connor,Turner,398 Ledge Hill Ln,Bloomington,IL,17890
Aiden,Torres,30 Lester Rd,Bluefield,WV,86934
Isaac,Parker,716 Lewis Dr,Boise,ID,49355
Jason,Collins,361 Log Cabin Rd,Boston,MA,69187
Cameron,Edwards,889 Lois Ln,Bozeman,MT,21302
Hunter,Stewart,873 Long Cove Wy,Bradford,PA,41139
Jayden,Flores,147 Loranz Rd,Brainerd,MN,80975
Juan,Morris,926 Lord Rd,Brownsville,TX,98248
Charles,Nguyen,597 Lucky Ln,Brunswick,GA,53135
Aaron,Murphy,346 Main Rd,Buffalo,NY,14095
Lucas,Rivera,703 McCarty Cove Rd,Burbank,CA,09396
Luis,Cook,435 Metzger Dr,Burlington,IA,02215
Owen,Rogers,961 Moose Wlk,Burlington,VT,43973
Landon,Morgan,740 Mulhall Rd,Butte,MT,22023
Diego,Peterson,784 Murray Dr,Calgary,AB,53072
Brian,Cooper,302 North End Rd,Campbell River,BC,80668
Adam,Reed,464 Oak Point Rd,Cape Girardeau,MO,50924
Adrian,Bailey,738 Oak Run Rd,Casper,WY,92061
Kyle,Bell,22 Old Pier Ln,Castlegar,BC,50124
Eric,Gomez,518 Old Woods Rd,Cedar City,UT,51711
Ian,Kelly,12 Osprey Wy,Cedar Rapids,IA,05248
Nathaniel,Howard,996 Otter Ln,Iowa City,IA,10011
Carlos,Ward,299 Palmer Rd,Chadron,NE,54313
Alex,Cox,777 Parsons Rd,Champaign,IL,30190
Bryan,Diaz,93 Peters Cove Ln,Charleston,SC,05987
Jesus,Richardson,447 Pettey Rd,Charleston,WV,41852
Julian,Wood,151 Pierce Rd,Charlotte,NC,25627
Sean,Watson,834 Pine Hill Rd,Charlottesville,VA,80415
Carter,Brooks,686 Plummer Rd,Charlottetown,PE,80129
Hayden,Bennett,175 Porcupine Ln,Chattanooga,TN,02720
Jeremiah,Gray,930 Post Office Rd,Cheyenne,WY,94756
Cole,James,958 Ratcliffe Rd,Chibougamau,QC,41809
Brayden,Reyes,993 Ravens Vw,Chicago,IL,14504
Wyatt,Cruz,475 Red Gate Ln,Chico,CA,07679
Chase,Hughes,397 Ridge View Ln,Cincinnati,OH,78734
Steven,Price,772 River Rd,Clarksburg,WV,81269
Timothy,Myers,505 Rocky Rd,Cleveland,OH,99990
Dominic,Long,221 Rum Cove Rd,Clovis,NM,56691
Sebastian,Foster,138 Schulze Dr,Cody,WY,71575
Xavier,Sanders,151 Shaw Rd,College Station,TX,81026
Jaden,Ross,108 Sortwell Rd,Colorado Springs,CO,71585
Jesse,Morales,733 Spruce Ln,Columbia,MO,27173
Devin,Powell,905 Squire Ct,Columbia,SC,95758
Seth,Sullivan,137 Strawberry Hill Rd,Columbus,GA,03794
Antonio,Russell,404 Tarbox Rd,Columbus,OH,31247
Richard,Ortiz,442 Tarbox2 Rd,Columbus,MS,70306
Miguel,Jenkins,564 Taylor Rd,Starkville,MS,46500
Colin,Gutierrez,413 Weatherstone Dr,West Point,MS,15987
Cody,Perry,267 West Shore Rd,Comox,BC,66215
Alejandro,Butler,292 White Tail  Run,Cordova,AK,49568
Caden,Barnes,594 Willis Point Rd,Corpus Christi,TX,22533
Blake,Fisher,937 Wright Rd,Cortez,CO,45932
Carson,Henderson,684 Nobleboro,Cranbrook,BC,86790
Kaden,Coleman,232 Acorn Dr,Crescent City,CA,78352
Jake,Simmons,696 Alpine Dr,Dallas,TX,14846
Henry,Patterson,486 Artesian Rd,Fort Worth,TX,44419
Liam,Jordan,217 Azalea Rd,Dayton,OH,83377
Victor,Reynolds,17 Back Meadow Rd,Daytona Beach,FL,27852
Riley,Hamilton,382 Baldwin Rd,Decatur,IL,37697
Ashton,Graham,662 Ball Rd,Deer Lake,NL,90763
Patrick,Kim,150 Balsam Ln,Del Rio,TX,17161
Bryce,Gonzales,656 Barnard Dr,Denver,CO,25943
Brady,Alexander,141 Bay Point Rd,Des Moines,IA,15938
Vincent,Ramos,297 Bayview Rd,Detroit,MI,72917
Trevor,Wallace,228 Belvedere Rd,Devils Lake,ND,16827
Tristan,Griffin,255 Benner Ln,Dickinson,ND,56574
Mark,West,662 Bennett Rd,Dillingham,AK,99665
Jeremy,Cole,508 Bent Ln,Dodge City,KS,13757
Oscar,Hayes,186 Bertrum Pl,Dothan,AL,49308
Marcus,Chavez,831 Blackberry Ln,Dubois,PA,42983
Jorge,Gibson,166 Boot Hill Rd,Dubuque,IA,15501
Parker,Bryant,319 Borland Hill Rd,Duluth,MN,48880
Kaleb,Ellis,918 Bremen Rd,Superior,MN,95590
Cooper,Stevens,372 Brightree Rd,Durango,CO,32507
Kenneth,Murray,485 Brook Dr,Eau Claire,WI,76616
Garrett,Ford,808 Brown Rd,Edmonton,AB,04629
Joel,Marshall,105 Bryant Rd,El Centro,CA,81195
Ivan,Owens,938 Burma Rd,Imperial,CA,45723
Josiah,Mcdonald,854 Cabin Dr,El Paso,TX,18731
Alan,Harrison,1 Campground Rd,Elko,NV,76574
Conner,Ruiz,473 Carols Cv,Elmira,NY,95976
Eduardo,Kennedy,607 Causeway Dr,Corning,NY,14149
Paul,Wells,865 Cedar Ln,Enid,OK,65978
Tanner,Alvarez,811 Center St,Erie,PA,12722
Braden,Woods,8 Chadwick Rdg,Escanaba,MI,19996
Alexis,Mendoza,981 Chapman Rd,Eugene,OR,10011
Edward,Castillo,972 Charlotte Ln,Eureka,CA,37853
Omar,Olson,374 Checkerberry Rd,Arcata,CA,81615
Nicolas,Webb,209 Chickering Rd,Evansville,IN,04375
Jared,Washington,585 Churchill Dr,Fairbanks,AK,53393
Peyton,Tucker,616 Cohen Rd,Fargo,ND,58615
George,Freeman,990 Connector Rd,Farmington,NM,67742
Maxwell,Burns,427 Corduroy Rd,Fayetteville,AR,77977
Cristian,Henry,5 Cottage Rd,Fayetteville,NC,65666
Francisco,Vasquez,368 Cramer Rd,Flint,MI,55311
Collin,Snyder,523 Crescent Cove Rd,Florence,SC,40428
Nolan,Simpson,494 Cushman Rd,Franklin,PA,76020
Preston,Crawford,702 Deep Cove Rd,Fredericton,NB,62737
Stephen,Jimenez,124 Deer Farm Rd,Fresno,CA,58775
Ayden,Porter,957 Depot St,Ft. Dodge,IA,12751
Gage,Mason,74 Duck Puddle Rd,Ft. Huachuca,AZ,63016
Levi,Shaw,379 Eagle View Ln,Sierra Vista,AZ,32870
Dakota,Gordon,395 East  Edge Rd,Ft. Lauderdale,FL,33267
Micah,Wagner,642 East Neck Rd,Ft. Leonard Wood,MO,22405
Eli,Hunter,302 East Pond Rd,Ft. McMurray,AB,93927
Manuel,Romero,19 Echo Hill Rd,Ft. Myers,FL,41623
Grant,Hicks,727 Eugley Hill Rd,Ft. Smith,AR,64248
Colton,Dixon,526 Evergreen Estates Rd,Ft. St John,BC,98475
Damian,Hunt,414 Fern Cove Rd,Ft. Walton Beach,FL,18834
Ricardo,Palmer,57 Ferry Rd,Ft. Wayne,IN,42700
Giovanni,Robertson,90 Fondy Rd,Gainesville,FL,96569
Andres,Black,566 Four Seasons Dr,Garden City,KS,02675
Emmanuel,Holmes,135 Fox Run Rd,Gaspe,QC,84924
Peter,Stone,631 Gator Ln,Gillette,WY,62381
Malachi,Meyer,807 Giberson Ln,Goose Bay,NL,56285
Cesar,Boyd,849 Glendon Dr,Grand Canyon,AZ,53482
Javier,Mills,28 Greenbrier Rd,Grand Forks,ND,93353
Max,Warren,828 Hackberry Rd,Grand Island,NE,73886
Hector,Fox,955 Hall Point Rd,Grand Junction,CO,84705
Edgar,Rose,259 Harriet House Rd,Grand Rapids,MI,02046
Shane,Rice,986 Hatch Cove Rd,Grande Prairie,AB,72687
Fernando,Moreno,716 Heath Rd,Great Bend,KS,74268
Ty,Schmidt,571 Hemlock Dr,Great Falls,MT,29632
Jeffrey,Patel,15 Henny Rd,Green Bay,WI,40194
Bradley,Ferguson,224 Hidden Valley Ln,Greenbrier,WV,49579
Derek,Nichols,194 Hill Top Rd,Greensboro,NC,70818
Travis,Herrera,503 Homestead Ln,High Point,NC,98833
Brendan,Medina,384 Hutchings Rd,Winston Salem,NC,55518
Shawn,Ryan,952 Ice Palace Ln,Greenville,MS,86425
Edwin,Fernandez,652 Indian Point Rd,Greenville,NC,06250
Spencer,Weaver,587 Indigo Rd,Greenville,SC,98540
Mario,Daniels,380 Isabelle Ln,Spartanburg,SC,49680
Dalton,Stephens,379 Island View Dr,Gulfport,MS,49961
Erick,Gardner,635 James Hall Rd,Biloxi,MS,29458
Johnathan,Payne,998 Jared Rd,Gunnison,CO,79987
Erik,Kelley,846 Jones Point Rd,Hagerstown,MD,29329
Jonah,Dunn,361 Juniper Ln,Halifax,NS,41286
Donovan,Pierce,102 Kennedy Cottage Rd,Hancock,MI,51136
Leonardo,Arnold,619 Kieve Rd,Harlingen,TX,30819
Wesley,Tran,262 Knoll Crest Rd,Harrisburg,PA,84501
Elias,Spencer,358 Ladds Hill Rd,Hartford,CT,05895
Marco,Peters,802 Lady Slipper Ln,Hays,KS,29233
Trenton,Hawkins,325 Lake View Dr,Helena,MT,93110
Devon,Grant,239 Lavway Rd,Hibbing,MN,56851
Brody,Hansen,632 Lazy Acres Ln,Chisholm,MN,09266
Abraham,Castro,688 Learning Center Rd,Hilo,HI,10141
Jaylen,Hoffman,128 Ledgey Acres Ln,Hilton Head Island,SC,30794
Bryson,Hart,725 Lester Rd,Honolulu,HI,54435
Josue,Elliott,460 Lily Dr,Hoolehua,HI,76529
Sergio,Cunningham,147 Lincoln St,Houston,TX,58689
Drew,Knight,674 Little Ln,Huntington,WV,68518
Damien,Bradley,345 Loch Erin Rd,Huntsville,AL,02700
Raymond,Carroll,504 Long Point Cv,Decatur,AL,38253
Andy,Hudson,924 Lower Burma Rd,Hyannis,MA,06184
Dillon,Duncan,457 Lower Cross Rd,Idaho Falls,ID,97714
Gregory,Armstrong,771 Main St,Iles de la Madeleine,QC,50280
Roberto,Berry,843 Mallard Rd,Indianapolis,IN,12852
Roman,Andrews,324 Maple Dr,International Falls,MN,79597
Martin,Johnston,958 Mapleridge Rd,Inyokern,CA,40341
Andre,Ray,907 McClintick Dr,Iron Mountain,MI,18638
Jace,Lane,617 McNeil Rd,Ironwood,MI,54294
Oliver,Riley,53 Meadow Lake Rd,Ithaca,NY,12077
Miles,Carpenter,310 Merton Rd,Jackson,MS,34401
Harrison,Perkins,411 Milky Way Rd,Jackson,TN,81852
Jalen,Aguilar,395 Mill Stream Ln,Jackson,WY,81761
Corey,Silva,93 Moody's Island Rd,Jacksonville,FL,79491
Dominick,Richards,890 Morang Cove Rd,Jacksonville,NC,96957
Avery,Willis,765 Morgan Hill Rd,Jamestown,ND,28170
Clayton,Matthews,787 Mountain Rd,Jamestown,NY,60858
Pedro,Chapman,528 Mulligan Ln,Johnstown,PA,30065
Israel,Lawrence,708 Narrows Rd,Joplin,MO,45146
Calvin,Garza,28 Nash Rd,Juneau,AK,64873
Colby,Vargas,821 Nobleboro Woods Rd,Kahului,HI,01028
Dawson,Watkins,698 Northeast Ln,Kalamazoo,MI,59079
Cayden,Wheeler,546 Old County Rd,Kalispell,MT,24643
Jaiden,Larson,241 Old Farm Rd,Kamloops,BC,16402
Taylor,Carlson,640 Oliver Woods Rd,Kansas City,MO,99639
Landen,Harper,158 Oyster Creek Ln,Kapalua,HI,70694
Troy,George,895 Paine Rd,Kearney,NE,60310
Julio,Greene,917 Palmer Hill Rd,Kelowna,BC,15448
Trey,Burke,756 Partridge Ln,Kenai,AK,66009
Jaxon,Guzman,429 Pepper Rd,Ketchikan,AK,03766
Rafael,Morrison,524 Percy Cove Rd,Key West,FL,37348
Dustin,Munoz,830 Pilot Cir,Killeen,TX,31188
Ruben,Jacobs,694 Pine Ridge Dr,Kingston,ON,35474
Camden,Obrien,142 Potter Point Rd,Kinston,NC,29601
Frank,Lawson,998 Prior Rd,Kirksville,MO,42732
Scott,Franklin,664 Quail Ln,Kitchener,ON,21938
Mitchell,Lynch,199 Raspberry Ln,Waterloo,ON,56488
Zane,Bishop,670 Reed Ln,Klamath Falls,OR,19641
Payton,Carr,33 Rideout Rd,Knoxville,TN,46121
Kai,Salazar,161 Roberts Rd,Kodiak,AK,01347
Keegan,Austin,75 Sand Hill Dr,Kona,HI,94394
Skyler,Mendez,405 Sandy Point Rd,Kotzebue,AK,41130
Brett,Gilbert,915 Schaff Rd,La Crosse,WI,02967
Johnny,Jensen,280 School St,Lafayette,LA,38804
Griffin,Williamson,68 Sellman Ln,Lake Charles,LA,59122
Marcos,Montgomery,165 Shore Rd,Lake Havasu City,AZ,40076
Derrick,Harvey,379 Sidelinger Rd,Lanai City,HI,42725
Drake,Oliver,187 Smalley Rd,Lancaster,PA,79307
Raul,Howell,999 Smith Baltes Shrs,Lansing,MI,92080
Kaiden,Dean,423 Snackerty Rd,Laramie,WY,95029
Gerardo,Hanson,495 Snow Rd,Laredo,TX,82718
Braxton,Weber,12 Spencer Ln,Las Vegas,NV,58999
Armando,Garrett,334 Sprague Rd,Latrobe,PA,48428
Grayson,Sims,764 Spring Dr,Laurel,MS,19009
Simon,Burton,773 Spruce Dr,Hattiesburg,MS,34414
Kayden,Fuller,96 Spur Rd,Lawton,OK,92753
Ronald,Soto,372 Squiers Aly,Lebanon,NH,11861
Angelo,Mccoy,956 Starter Dr,Lethbridge,AB,52054
Leo,Welch,82 Sulos Rd,Lewiston,ID,66224
Chance,Chen,284 Summer Cv,Lexington,KY,68832
Brock,Schultz,760 Sunset Dr,Liberal,KS,81927
Lukas,Walters,463 Teal Ln,Lihue,HI,96655
Jaime,Reid,742 Theodore Ln,Lincoln,NE,94704
Lance,Fields,364 Tonry Ln,Little Rock,AR,98492
Enrique,Walsh,241 Town Lndg,London,ON,82392
Dante,Little,950 Townline Rd,Long Beach,CA,67578
Malik,Fowler,936 Transfer Station Dr,Long Island MacArthur,NY,84921
Tyson,Bowman,729 Trask Rd,Longview,TX,56227
Emanuel,Davidson,768 Twin Canoes Ln,Los Angeles,CA,62993
Phillip,May,93 U.S. Highway 1,Louisville,KY,69356
Fabian,Day,197 Upper Cross Rd,Lubbock,TX,69963
Tucker,Schneider,205 Upper East Pond Rd,Lynchburg,VA,70457
Trent,Newman,290 Vannah Rd,Macon,GA,84692
Allen,Brewer,727 Waltz Rd,Madison,WI,45000
Jakob,Lucas,780 Ward Rd,Manchester,NH,95884
Hudson,Holland,798 West  Neck Rd,Manhattan,KS,02611
Emilio,Wong,436 West View Ln,Manistee,MI,49042
Maddox,Banks,966 Wilband Rd,Marion,IL,83079
Santiago,Santos,677 Wildwood Shores Rd,Marquette,MI,17706
Xander,Curtis,758 Willis Rd,Mason City,IA,39638
Aden,Pearson,793 Winds Way Dr,Massena,NY,24750
Rylan,Delgado,261 Winslow Hill Rd,McAllen,TX,78296
Kyler,Valdez,392 Wooded Wy,McCook,NE,58099
Kameron,Pena,123 Woodman Rd,Medford,OR,43956
Pablo,Rios,999 Youngs Ct,Medicine Hat,AB,64773
Cade,Douglas,636 Boothbay,Melbourne,FL,77641
Adan,Sandoval,531 A St,Memphis,TN,10421
Keith,Barrett,359 Abbott Rd,Meridian,MS,28948
Asher,Hopkins,40 Access Rd,Miami,FL,75393
Donald,Keller,384 Adams Pond Rd,Midland,TX,23537
Alberto,Guerrero,963 Adams Rd,Odessa,TX,96819
Alec,Stanley,342 Albion Point Rd,Milwaukee,WI,77203
Darius,Bates,20 Aldaron Rd,Minneapolis,MN,58824
Gustavo,Alvarado,172 Alice West Dr,St Paul,MN,86363
Saul,Beck,930 Alley Rd,Minot,ND,08200
Ryder,Ortega,791 Anchor Ln,Missoula,MT,14615
Zion,Wade,332 Andersen Rd,Mobile,AL,72400
Casey,Estrada,712 Annable Rd,Modesto,CA,33171
Gael,Contreras,321 Appel Ln,Moline,IL,34768
Mathew,Barnett,442 Ardan Rd,Moncton,NB,91798
Arturo,Caldwell,65 Arrowhead Rd,Monroe,LA,79539
Randy,Santiago,684 B St,Mont Joli,QC,56659
Mateo,Lambert,429 Back Eighty Rd,Monterey,CA,61411
Quinn,Powers,820 Back Narrows Rd,Montgomery,AL,21047
Jimmy,Chambers,595 Back River Lndg,Montreal,QC,25100
Theodore,Nunez,937 Back River Rd,Montrose,CO,25732
Jude,Craig,918 Balsam Dr,Morgantown,WV,58573
Sawyer,Leonard,602 Barlow Hill Rd,Moses Lake,WA,15588
Zackary,Lowe,326 Barn Rd,Muscle Shoals,AL,40623
Ezekiel,Rhodes,620 Barters Island Rd,Muskegon,MI,80274
Myles,Byrd,549 Bay St,Myrtle Beach,SC,69882
Corbin,Gregory,287 Beach Grove St,Nanaimo,BC,23596
Danny,Shelton,118 Beath Rd,Nantucket,MA,61393
Axel,Frazier,400 Beaver Run Wy,Naples,FL,77310
Brennan,Becker,571 Bellhaven,Nashville,TN,06790
Lane,Maldonado,763 Bens Landing Rd,New Bern,NC,95630
Jerry,Fleming,75 Birches Dr,New Haven,CT,27725
Dennis,Vega,79 Blueberry Ledge Ln,New Orleans,LA,83633
Lorenzo,Sutton,854 Boothbay Woods Rd,New York,NY,06759
Esteban,Cohen,107 Bottle Cove Rd,Newburgh,NY,32021
Tony,Jennings,591 Bowsprint Ln,Newport News,VA,89742
Brenden,Parks,604 Break Neck Ridge Rd,Nome,AK,27860
Damon,Mcdaniel,270 Brewer Rd,Norfolk,VA,55128
Braeden,Watts,159 Brookwood Dr,Virginia Beach,VA,10132
Louis,Barker,749 Browns Ln,Williamsburg,VA,76392
Philip,Norris,960 Bryers Cir,North Bay,ON,94235
Brayan,Vaughn,766 Bufflehead Cove Rd,North Bend,OR,53802
Curtis,Vazquez,445 Builders Sq,North Platte,NE,30981
Charlie,Holt,84 Burleigh Hill Rd,Oakland,CA,28313
Nickolas,Schwartz,960 Burnham Cove Rd,Ogdensburg,NY,37116
Jayson,Steele,247 Burning Bush Dr,Oklahoma City,OK,45302
Jonathon,Benson,447 Butler Rd,Omaha,NE,93814
Zander,Neal,160 Campers Cove Rd,Ontario,CA,73620
Nikolas,Dominguez,719 Carisle Rd,Orange County,CA,21987
Quentin,Horton,718 Carter Rd,Orlando,FL,24443
Morgan,Terry,554 Chadbourne Rd,Ottawa,ON,59558
Ismael,Wolfe,866 Chandler Rd,Owensboro,KY,74865
Emiliano,Hale,285 Chapel St,Oxnard,CA,41917
Gary,Lyons,437 Chippah Wy,Ventura,CA,88671
Tristen,Graves,278 Church St,Paducah,KY,67718
Chandler,Haynes,677 Cindy Cir,Palm Springs,CA,71800
Amir,Miles,612 Clam Av,Panama City,FL,27724
Darren,Park,118 Clam Factory  Ln,Parkersburg,WV,78237
Albert,Warner,725 Cliff Rd,Marietta,WV,76703
Salvador,Padilla,601 Colburn Ln,Pasco,WA,66705
Mekhi,Bush,594 Common Dr,Pellston,MI,25582
Abel,Thornton,268 Compass Cove Rd,Pendleton,OR,10598
Joaquin,Mccarthy,962 Corey Ln,Pensacola,FL,83031
Caiden,Mann,126 Cornell Ln,Penticton,BC,78532
Jay,Zimmerman,304 Cottage Rd,Peoria,IL,60674
Declan,Erickson,324 Country Club Rd,Petersburg,AK,41624
Julius,Fletcher,936 Courjon Rd,Philadelphia,PA,72390
Alfredo,Mckinney,374 Cove Landing Rd,Phoenix,AZ,10177
Camron,Page,382 Crooker Rd,Pierre,SD,54641
Maximilian,Dawson,145 Cross Cove Rd,Pittsburgh,PA,82793
Arthur,Joseph,588 Cross Rd,Plattsburgh,NY,14093
Holden,Marquez,85 Crow Point Ln,Pocatello,ID,92130
Larry,Reeves,536 Cunner Rock Rd,Ponca City,OK,11051
Ezra,Klein,238 Dakota Trl,Portland,ME,35699
Moises,Espinoza,120 Dallas Dr,Portland,OR,12151
Douglas,Baldwin,164 Day Rd,Prescott,AZ,36402
Orlando,Moran,553 Decker Reef Rd,Presque Isle,ME,71512
Keaton,Love,363 Deer Run Rd,Prince George,BC,86207
Braylon,Robbins,124 Deer Trail Dr,Prince Rupert,BC,09544
Ramon,Higgins,72 Delano Dr,Providence,RI,67246
Bryant,Ball,147 Desert Rock Dr,Pueblo,CO,09204
Dallas,Cortez,602 Dodge Rd,Pullman,WA,77326
Walker,Le,491 Donnas Wy,Quebec,QC,91150
Mauricio,Griffith,242 Dover Cross Rd,Quesnel,BC,87802
Marvin,Bowen,672 Dover Rd,Quincy,IL,27743
Ernesto,Sharp,492 E St,Raleigh,NC,85253
Hugo,Cummings,983 Eagle Ridge Rd,Durham,NC,28844
Joe,Ramsey,23 East Brook Rd,Rankin Inlet,NU,66743
Reece,Hardy,785 East Side Rd,Rapid City,SD,52427
Felix,Swanson,109 East Tibbetts Rd,Redding,CA,39346
Yahir,Barber,714 Edgewater Wy,Redmond,OR,09210
Walter,Acosta,320 Edwards Ln,Regina,SK,23014
Cory,Luna,672 Elbow Rd North,Reno,NV,16603
Tate,Chandler,734 Elbow Rd South,Rhinelander,WI,14117
Ricky,Blair,603 Emily Ln,Richmond,VA,53779
Chad,Daniel,820 Enterprise St,Riverton,WY,31034
Maximus,Cross,907 Ernest Egan Dr,Roanoke,VA,59706
Dean,Simon,577 F St,Roberval,QC,29004
Marc,Dennis,129 Farnham Point Rd,Rochester,MN,11896
Braydon,Oconnor,960 Farrins Dr,Rochester,NY,16505
Ali,Quinn,80 First St,Rock Springs,WY,60937
Elliot,Gross,62 Firth Dr,Rockland,ME,92337
Jonas,Navarro,359 Fish Hawk Hill Rd,Rouyn-Noranda,QC,58151
Weston,Moss,65 Flint Ln,Rutland,VT,10818
Jaxson,Fitzgerald,703 Flos Ln,Sacramento,CA,89754
Isiah,Doyle,172 Forest Haven Rd,Saginaw,MI,54375
Rodrigo,Mclaughlin,668 Formosa Ln,Salina,KS,92085
Davis,Rojas,569 Fort Island Rd,Salisbury-Ocean City,MD,53897
Easton,Rodgers,273 Four Wheel Dr,Salt Lake City,UT,58496
Russell,Stevenson,836 Fox Loop,San Angelo,TX,23597
Bennett,Singh,190 Gaecklein Rd,San Antonio,TX,44515
Lawrence,Yang,797 Gall Rock Rd,San Diego,CA,46409
Chris,Figueroa,491 Garden Rail Wy,San Francisco,CA,28784
Shaun,Harmon,999 Georges Rd,San Jose,CA,50271
Nasir,Newton,802 Giles Rd,San Luis Obispo,CA,53948
Kristopher,Paul,863 Goddard Point Rd,Sandspit,BC,21316
Luca,Manning,503 Goldenrod Ln,Santa Barbara,CA,70974
Uriel,Garner,128 Gramps Camp Rd,Santa Fe,NM,12001
Eddie,Mcgee,298 Gray Rd,Santa Maria,CA,49483
Javon,Reese,471 Great Oak Ln,Saranac Lake,NY,56823
Issac,Francis,559 Green Landing Rd,Sarasota,FL,66234
Reese,Burgess,356 Greenleaf Rd,Bradenton,FL,15919
Terry,Adkins,331 Grimes Av,Sarnia,ON,51611
Micheal,Goodman,148 Grove St,Saskatoon,SK,80679
Graham,Curry,550 Hamilton Gdns,Sault Ste Marie,MI,60159
Amari,Brady,294 Haney Rd,Sault Ste Marie,ON,21362
Zachariah,Christensen,194 Hardwick Rd,Savannah,GA,58513
Silas,Potter,705 Hatch Farm Rd,Scottsbluff,NE,77238
Carl,Walton,725 Heron Cv,Seattle,WA,98542
Maurice,Goodwin,839 Hiawathia Trl,Tacoma,WA,63189
Kade,Mullins,875 Hidden Ridge Ln,Sept-Iles,QC,12909
Elliott,Molina,122 Higbee Ln,Shenandoah Valley,VA,17608
Roger,Webster,343 High Fields Rd,Sheridan,WY,62681
Beau,Fischer,747 High St,Show Low,AZ,57019
Jamarion,Campos,518 Highland Ridge Rd,Shreveport,LA,66536
Omarion,Avila,837 Hillside Pl,Sioux City,IA,54245
Leonel,Sherman,298 Hodgdon Ln,Sioux Falls,SD,99104
Marshall,Todd,894 Holbrook Rd,Sitka,AK,45508
Reid,Chang,398 Huff Rd,Smithers,BC,85017
Jadon,Blake,358 Humdinger Rd,South Bend,IN,05891
Jamari,Malone,947 Ice Pond Rd,Spokane,WA,54287
Dorian,Wolf,141 Indian Hill Rd,Springfield,IL,37279
Noe,Hodges,487 Indian Path,Springfield,MO,03826
Tommy,Juarez,979 Industrial Park Rd,St. Anthony,NL,74418
Zachery,Gill,236 Inlet Trl,St. Cloud,MN,48816
Davion,Farmer,721 Island View Rd,St. George,UT,84168
Kelvin,Hines,316 Isle Of Springs Rd,St. John,NB,57440
Cohen,Gallagher,318 Jabberwock Ln,St. Johns,NL,55898
Jon,Duran,876 Jacobs Lndg,St. Louis,MO,78610
Melvin,Hubbard,181 Jason Cir,State College,PA,98353
Guillermo,Cannon,330 Kelly Brook Rd,Steamboat Springs,CO,06494
Jaylin,Miranda,833 Kent Rd,Sudbury,ON,07519
Jeffery,Wang,91 Kimball Ln,Syracuse,NY,90862
Jaydon,Saunders,473 Kimballtown Rd,Tallahassee,FL,90130
Nelson,Tate,60 King Phillips Trl,Tampa,FL,64080
Deandre,Mack,523 Knickerbocker Rd,St. Petersburg,FL,14657
Rowan,Hammond,528 Knickerkane Rd,Telluride,CO,94882
Noel,Carrillo,992 Landing Rd,Terrace,BC,45246
Justice,Townsend,979 Leavitt Rd,Texarkana,AR,79211
Branden,Wise,344 Ledgewood Dr,Thief River Falls,MN,19958
Felipe,Ingram,730 Leighton Ln,Thunder Bay,ON,53924
Jessie,Barton,300 Lewis Ln,Timmins,ON,44964
Kristian,Mejia,466 Lincoln St,Toledo,OH,74676
Rodney,Ayala,96 Linden Ln,Toronto,ON,91105
Jermaine,Schroeder,743 Lindsay Rd,Traverse City,MI,55785
Frederick,Hampton,58 Linekin Landing Rd,Tri-City Airport,TN,53779
Nathanael,Rowe,884 Little Pond Rd,Tucson,AZ,25339
Franklin,Parsons,878 Little River Ln,Tulsa,OK,63144
Dane,Frank,428 Lobstermans Wy,Tupelo,MS,06141
Khalil,Waters,463 Long Ledge Rd,Twin Falls,ID,67161
Brent,Strickland,498 Lookout Dr,Tyler,TX,77733
Billy,Osborne,840 Lu Yu Tea Ln,Vail,CO,24033
Jayce,Maxwell,714 Lukes Gulch,Val D'Or,QC,49937
Terrance,Chan,889 Madison Rd,Valdez,AK,23272
Kenny,Deleon,349 Marble Ledge Dr,Valdosta,GA,68149
Quinton,Norman,94 Marden Rd,Vancouver,BC,50463
Allan,Harrington,921 Marston Rd,Victoria,BC,53549
Skylar,Casey,682 Mary Anne Rd,Victoria,TX,81428
Sam,Patton,220 Mass Av,Wabush,NL,78992
Jamal,Logan,107 Massasoit Rd,Waco,TX,66413
Rogelio,Bowers,380 Mathias Dr,Walla Walla,WA,22036
Nehemiah,Mueller,847 Matthews Rd,Washington,DC,56396
Quincy,Glover,595 McCobb Rd,Waterloo,IA,26800
Izaiah,Floyd,977 McDonald Ln,Watertown,NY,25734
Ahmad,Hartman,592 McKown Rd,Watertown,SD,34936
Reed,Buchanan,120 Meadow Cove Rd,Wausau,WI,83628
Roy,Cobb,832 Meadowbrook Woods,Wenatchee,WA,75633
Brendon,French,729 Merry Ln,West Palm Beach,FL,72678
Desmond,Kramer,506 Merryweather Ln,Westchester County,NY,28394
Rene,Mccormick,48 Merton Wy,Whitehorse,YT,32494
Mohamed,Clarke,163 Middle Rd,Wichita Falls,TX,05855
Kody,Tyler,951 Moose Ridge Crsg,Wichita,KS,81408
Osvaldo,Gibbs,548 Mudflat Aly North,Wilkes-Barre,PA,58324
Phoenix,Moody,555 Mudflat Aly South,Scranton,PA,66903
Toby,Conner,433 Murray Hill Rd,Williams Lake,BC,36474
Jaylon,Sparks,996 Murrhy Rd,Williamsport,PA,73033
Wilson,Mcguire,516 My Wy,Williston,ND,22380
Terrell,Leon,215 Narrow Ridge Rd,Wilmington,NC,57539
Jameson,Bauer,333 Nason Rd,Windsor,ON,91969
Conor,Norton,622 Neighba Ln,Winnipeg,MB,15112
Alvin,Pope,690 Nichols Rd,Worland,WY,94182
Solomon,Flynn,915 Nickerson Pond Rd,Yakima,WA,60894
Tomas,Hogan,492 Northern Dr,Yellowknife,NT,54289
Tobias,Robles,122 Oak Hill Rd,Yuma,AZ,06372
Triston,Salinas,251 Oakwood Ln,Abbotsford,BC,02134
Bobby,Yates,557 Ocean Point Rd,Aberdeen,SD,49559
Pierce,Lindsey,555 Ocean Ridge Dr,Abilene,TX,27036
Lincoln,Lloyd,986 Ocean View Pl,Akron,OH,90982
Byron,Marsh,71 Ojibwa Trl,Canton,OH,28183
Cyrus,Mcbride,104 Old Pier Rd,Alamosa,CO,50006
Rodolfo,Owen,671 Old Trevett Rd,Albany,GA,48625
Trevon,Solis,57 Old Wharf Rd,Albany,NY,29053
Will,Pham,347 Ovens Mouth Ln,Albuquerque,NM,60305
Rohan,Lang,834 Page Ln,Alexandria,LA,46622
Demetrius,Pratt,201 Paradise Point Rd,Allentown,PA,41727
Craig,Lara,82 Park St,Bethlehem,PA,71467
Anderson,Brock,3 Partridge Rd,Easton,PA,40549
Zackery,Ballard,259 Pasture Ln,Alliance,NE,83835
Bruce,Trujillo,68 Peaceful Acres Dr,Alpena,MI,75566
Reginald,Shaffer,889 Peaslee Rd,Altoona,PA,40782
Adolfo,Drake,72 Pension Ridge Rd,Amarillo,TX,36845
Damion,Roman,313 Pine Island Rd,Anchorage,AK,89136
Wade,Aguirre,660 Pine Tree Ln,Appleton,WI,96392
Jett,Morton,153 Pine View Ridge Rd,Asheville,NC,54709
Harley,Stokes,842 Pine Woods Rd,Aspen,CO,38201
Joey,Lamb,777 Pinkham Ln,Athens,GA,22964
Marlon,Pacheco,21 Pleasant Cove Rd,Atlanta,GA,20521
Bailey,Patrick,45 Pleasant Point Dr,Atlantic City,NJ,05141
Isaias,Cochran,266 Pleasant View Ln,Augusta,GA,65100
Steve,Shepherd,56 Pocahontas Trl,Augusta,ME,93284
Cruz,Cain,757 Poore Rd,Austin,TX,64545
River,Burnett,170 Porcupine Pt,Bagotville,QC,62015
Willie,Hess,39 Porter Point Rd,Baie Comeau,QC,09886
Kellen,Li,215 Pothole Ln,Bakersfield,CA,54879
Gerald,Cervantes,31 Presley Dr,Baltimore,MD,22767
Grady,Olsen,649 Pumphouse Rd,Bangor,ME,06259
Blaine,Briggs,115 Quarry Ln,Bar Harbor,ME,68558
Kendall,Ochoa,181 Railroad Av,Barrow,AK,87577
Judah,Cabrera,917 Rays Ln,Bathurst,NB,42172
Leon,Velasquez,323 Reed Ln,Baton Rouge,LA,51570
Marquis,Montoya,592 Rice Rd,Beaumont,TX,23856
Harry,Roth,806 Ridge Rd,Port Arthur,TX,94695
Francis,Meyers,649 Rittall Rd,Beckley,WV,01361
Deven,Cardenas,757 River Bend Dr,Bellingham,WA,65819
Gilberto,Fuentes,229 River Rd,Bemidji,MN,49364
Alfonso,Weiss,9 River View Dr,Bethel,AK,48415
Everett,Hoover,456 Roberts Rd,Billings,MT,35252
Dayton,Wilkins,882 Rock Lobster Rd,Binghamton,NY,56222
Johnathon,Nicholson,415 Rollins Hale Dr,Birmingham,AL,85054
Alonzo,Underwood,672 Royall Rd,Bismarck,ND,27513
Malcolm,Short,780 Ruff Wave Dr,Blanc Sablon,QC,18907
Moses,Carson,840 Ryder Trl,Bloomington,IL,86171
Finn,Morrow,750 Ryefield Pt,Bluefield,WV,84233
Gunnar,Colon,368 Salt Meadow Ln,Boise,ID,36876
Jasper,Holloway,316 Salter Ln,Boston,MA,94691
Kobe,Summers,962 Samoset Rd,Bozeman,MT,32932
Johan,Bryan,893 Samoset Trl,Bradford,PA,58552
Talan,Petersen,776 Sand Dollar Ln,Brainerd,MN,96150
Ben,Mckenzie,946 Sawyers Island Rd,Brownsville,TX,51333
Trace,Serrano,69 School St,Brunswick,GA,03372
Ulises,Wilcox,349 Schooner Ridge Rd,Buffalo,NY,17086
Ezequiel,Carey,215 Sea Ledge Wood Rd,Burbank,CA,36344
Titus,Clayton,120 Sea Mist Dr North,Burlington,IA,52352
Rocco,Poole,631 Sea Mist Dr South,Burlington,VT,77234
Ariel,Calderon,991 Sea Surf Rd,Butte,MT,72463
Jamie,Gallegos,558 Seascape Dr,Calgary,AB,44070
Rolando,Greer,648 Second St,Campbell River,BC,72799
Warren,Rivas,217 Shackletons Wy,Cape Girardeau,MO,37645
Kendrick,Guerra,524 Sheepscot Shores Rd,Casper,WY,78129
Tristin,Decker,660 Sherman Cove Rd,Castlegar,BC,98592
Jamison,Collier,999 Shore Rd,Cedar City,UT,71059
Abram,Wall,701 Short St,Cedar Rapids,IA,76398
Ahmed,Whitaker,547 Skylers Wy,Iowa City,IA,33072
Jairo,Bass,736 South Ledge Rd,Chadron,NE,04909
Devan,Flowers,69 Spar Shed Ln,Champaign,IL,19463
Jerome,Davenport,346 Spike Horn Dr,Charleston,SC,20053
Orion,Conley,29 Spindletree Rd,Charleston,WV,21390
Vicente,Houston,689 Spofford Ln,Charlotte,NC,79481
Damarion,Huff,892 Spring St,Charlottesville,VA,10151
Greyson,Copeland,228 Sproul Ln,Charlottetown,PE,44144
Ray,Hood,961 Spruce Dr,Chattanooga,TN,49201
Gianni,Monroe,506 Spruce Shores Rd,Cheyenne,WY,98519
Kadin,Massey,619 Spyglass Hill Rd,Chibougamau,QC,07784
Ramiro,Roberson,705 Steves Rd,Chicago,IL,23756
Ronnie,Combs,527 Stone Cove Rd,Chico,CA,13725
Brodie,Franco,433 Stone Point Ln,Cincinnati,OH,29914
Stanley,Larsen,942 Stone Wharf Rd,Clarksburg,WV,42735
Jase,Pittman,342 Storage Ln,Cleveland,OH,57251
Kieran,Randall,3 Stover Rd,Clovis,NM,04149
Porter,Skinner,622 Sunny Acres Ln,Cody,WY,67347
Colten,Wilkinson,195 Sunrise Rd,College Station,TX,86348
Tyrone,Kirby,984 Sunset Rock Rd,Colorado Springs,CO,42416
Terrence,Cameron,873 Tamarack Trl,Columbia,MO,87838
Darrell,Bridges,345 Tavenner Rd,Columbia,SC,70427
Jarrett,Anthony,859 Tecumseh Trl,Columbus,GA,18937
Alvaro,Richard,831 Tharpe Ln,Columbus,OH,47569
Braiden,Kirk,423 The Ledges,Columbus,MS,80451
Kolby,Bruce,500 Thistle Ln,Starkville,MS,13994
Addison,Singleton,379 Thods Rd,West Point,MS,24145
Emerson,Mathis,269 Tidewater Dr,Comox,BC,18999
Ibrahim,Bradford,267 Timber Holw,Cordova,AK,96245
Cedric,Boone,32 Timber Pine Ln,Corpus Christi,TX,100483
Lee,Abbott,518 Timber Pine Narrows,Cortez,CO,22317
Todd,Charles,556 Tool Rd,Cranbrook,BC,78688
Emmett,Allison,89 Townline Rd,Crescent City,CA,53220
Keenan,Sweeney,539 Townsend Ln,Dallas,TX,87990
Leonard,Atkinson,33 Trevett Rd,Fort Worth,TX,32777
Alijah,Horn,269 Tri Cove Ln,Dayton,OH,89929
Davin,Jefferson,857 Twin Cove Rd,Daytona Beach,FL,51651
Gilbert,Rosales,886 Two Rivers Ln,Decatur,IL,27813
Karson,York,194 Two Sisters Ln,Deer Lake,NL,48111
Kole,Christian,276 Valley Rd,Del Rio,TX,39963
Quintin,Phelps,284 Van Horn Rd,Denver,CO,40412
Rudy,Farrell,733 Virginia St,Des Moines,IA,87585
Darian,Castaneda,342 Walker Rd,Detroit,MI,71047
Deshawn,Nash,57 Wall St,Devils Lake,ND,60024
Aldo,Dickerson,953 Waterfront Ln North,Dickinson,ND,47572
Neil,Bond,920 Waterfront Ln South,Dillingham,AK,89535
Randall,Wyatt,230 Waters Edge,Dodge City,KS,22309
Cristopher,Foley,866 West Side Rd,Dothan,AL,69675
Elisha,Chase,152 West St D1,Dubois,PA,73398
Ronan,Gates,911 West Tibbetts Rd,Dubuque,IA,83193
Efrain,Vincent,413 Western Ledge Rd,Duluth,MN,40324
Leland,Mathews,35 Westwind Dr,Superior,MN,41884
Davon,Hodge,841 Whale Rock Rd,Durango,CO,88057
Junior,Garrison,370 Wharf Rd,Eau Claire,WI,93913
Waylon,Trevino,784 Whipporwill Dr,Edmonton,AB,18409
Irvin,Villarreal,560 White Tail Trl,El Centro,CA,41748
Coleman,Heath,162 Wigwam Trl,Imperial,CA,93327
Romeo,Dalton,382 Wildcat Creek Rd,El Paso,TX,47880
Antoine,Valencia,51 Wilde Pl,Elko,NV,24923
Jaquan,Callahan,969 Wilderness Dr,Elmira,NY,31949
Camren,Hensley,156 Willow Rdg,Corning,NY,31241
Dominik,Atkins,51 Winding Ln,Enid,OK,81561
Talon,Huffman,340 Windrush Ln,Erie,PA,76021
Gunner,Roy,596 Windward Ln,Escanaba,MI,47155
Kolton,Boyer,841 Wiscasset Rd,Eugene,OR,62111
Mohammed,Shields,634 Wohseepee Wy,Eureka,CA,13398
Alexzander,Lin,790 Wolf Rd,Arcata,CA,19987
Duncan,Hancock,497 Woodshed Ln,Evansville,IN,66199
Jabari,Grimes,884 Yankee Wy,Fairbanks,AK,09829
Amare,Glenn,620 Anchor Wy,Fargo,ND,32624
Amarion,Cline,653 Andrews Dr,Farmington,NM,01986
Jefferson,Delacruz,182 Appleton Rd,Fayetteville,AR,71731
Mohammad,Camacho,292 Back Door Rd,Fayetteville,NC,88842
Kasey,Dillon,350 Bakers Rd,Flint,MI,47261
Misael,Parrish,624 Bay Shore Rd,Florence,SC,29308
Brice,Oneill,75 Bayview Dr,Franklin,PA,60605
Harold,Melton,990 Boatyard Rd,Fredericton,NB,67119
August,Booth,633 Bonyun Rd,Fresno,CA,08699
Brycen,Kane,136 Bradley Rd,Ft. Dodge,IA,22722
Draven,Berg,968 Bridge Rd,Ft. Huachuca,AZ,76840
Kamron,Harrell,758 Brooks Cove Rd,Sierra Vista,AZ,08948
Asa,Pitts,941 Burnell Rd,Ft. Lauderdale,FL,70446
Eugene,Savage,211 Castle Ln,Ft. Leonard Wood,MO,35261
Aron,Wiggins,530 Chase Dr,Ft. McMurray,AB,89089
Freddy,Brennan,859 Colby Rd,Ft. Myers,FL,82370
Julien,Salas,550 Cove Side Wy,Ft. Smith,AR,88628
Zechariah,Marks,613 Cromwell Rd,Ft. St John,BC,96389
Sage,Russo,932 Crooker Rd,Ft. Walton Beach,FL,52179
Brooks,Sawyer,12 Dewey's  Wy,Ft. Wayne,IN,16885
Dwayne,Baxter,166 Doggett Rd,Gainesville,FL,55315
Alonso,Golden,205 Dunn Dr,Garden City,KS,18816
Maverick,Hutchinson,962 East Shore Rd,Gaspe,QC,07544
Dashawn,Liu,843 Edwin Dr,Gillette,WY,40619
Aydan,Walter,986 Eloise Dr,Goose Bay,NL,05852
Donte,Mcdowell,943 Evergreen Ln,Grand Canyon,AZ,23151
Tyrell,Wiley,465 Ferry Rd,Grand Forks,ND,02409
Keagan,Rich,668 Fowles Point Rd,Grand Island,NE,76865
Clay,Humphrey,1 Fox Run Rd,Grand Junction,CO,76998
Ernest,Johns,35 Goose Rock Rd,Grand Rapids,MI,61635
Octavio,Koch,195 Greenleaf Rd,Grande Prairie,AB,48411
Brennen,Suarez,73 Harrimans Point Rd,Great Bend,KS,71828
Lewis,Hobbs,415 Haskell Rd,Great Falls,MT,62031
Layne,Beard,881 Heron Wy,Green Bay,WI,69285
Sincere,Gilmore,598 Hidden Rd,Greenbrier,WV,74593
Dale,Ibarra,86 Hodgdon Rd,Greensboro,NC,85923
Kenyon,Keith,16 Hopkins Rd,High Point,NC,31012
Omari,Macias,830 Howard Rd,Winston Salem,NC,45470
Alessandro,Khan,644 Ironsides Dr,Greenville,MS,96761
Tyree,Andrade,260 Jay's Ln,Greenville,NC,98160
Jair,Ware,775 Jeremysquam Wy,Greenville,SC,69472
Demarion,Stephenson,432 Jewett Cove Rd,Spartanburg,SC,23657
Oswaldo,Henson,53 Johnson Ln,Gulfport,MS,12108
Raphael,Wilkerson,772 Junction Rd,Biloxi,MS,42415
Bradyn,Dyer,494 Kehail Point Rd,Gunnison,CO,98365
Ignacio,Mcclure,995 Knubble Bay Rd,Hagerstown,MD,12517
Wayne,Blackwell,928 Leblanc Rd,Halifax,NS,42982
Agustin,Mercado,569 Ledge Hill Ln,Hancock,MI,24179
Cash,Tanner,864 Lester Rd,Harlingen,TX,32074
Jordon,Eaton,957 Lewis Dr,Harrisburg,PA,04820
Davian,Clay,529 Log Cabin Rd,Hartford,CT,02167
Xzavier,Barron,442 Lois Ln,Hays,KS,52475
Ross,Beasley,42 Long Cove Wy,Helena,MT,11097
Aryan,Oneal,748 Loranz Rd,Hibbing,MN,68263
Boston,Preston,204 Lord Rd,Chisholm,MN,39855
Garret,Small,483 Lucky Ln,Hilo,HI,69006
Lamar,Wu,73 Main Rd,Hilton Head Island,SC,54301
Matteo,Zamora,930 McCarty Cove Rd,Honolulu,HI,85778
Reagan,Macdonald,503 Metzger Dr,Hoolehua,HI,61988
Dominique,Vance,64 Moose Wlk,Houston,TX,32736
Mike,Snow,293 Mulhall Rd,Huntington,WV,96830
Rhett,Mcclain,722 Murray Dr,Huntsville,AL,92547
London,Stafford,558 North End Rd,Decatur,AL,62187
Muhammad,Orozco,317 Oak Point Rd,Hyannis,MA,43053
Gideon,Barry,690 Oak Run Rd,Idaho Falls,ID,53950
Humberto,English,346 Old Pier Ln,Iles de la Madeleine,QC,94734
Lawson,Shannon,664 Old Woods Rd,Indianapolis,IN,58278
Adrien,Kline,869 Osprey Wy,International Falls,MN,03505
Clarence,Jacobson,959 Otter Ln,Inyokern,CA,18096
Jadyn,Woodard,892 Palmer Rd,Iron Mountain,MI,75026
Javion,Huang,39 Parsons Rd,Ironwood,MI,15510
Derick,Kemp,389 Peters Cove Ln,Ithaca,NY,70015
Kyan,Mosley,607 Pettey Rd,Jackson,MS,24339
Salvatore,Prince,787 Pierce Rd,Jackson,TN,89827
Kareem,Merritt,85 Pine Hill Rd,Jackson,WY,08715
Arjun,Hurst,555 Plummer Rd,Jacksonville,FL,69568
Tyrese,Villanueva,917 Porcupine Ln,Jacksonville,NC,82769
Markus,Roach,486 Post Office Rd,Jamestown,ND,90964
Semaj,Nolan,313 Ratcliffe Rd,Jamestown,NY,82520
Barrett,Lam,712 Ravens Vw,Johnstown,PA,18473
Gavyn,Yoder,333 Red Gate Ln,Joplin,MO,73773
Kian,Mccullough,460 Ridge View Ln,Juneau,AK,59129
Ryland,Lester,529 River Rd,Kahului,HI,13684
Jamar,Santana,480 Rocky Rd,Kalamazoo,MI,59500
Nathanial,Valenzuela,974 Rum Cove Rd,Kalispell,MT,98169
Moshe,Winters,877 Schulze Dr,Kamloops,BC,65576
Landyn,Barrera,778 Shaw Rd,Kansas City,MO,30380
Ryker,Leach,226 Sortwell Rd,Kapalua,HI,82715
Alfred,Orr,291 Spruce Ln,Kearney,NE,62285
Giancarlo,Berger,713 Squire Ct,Kelowna,BC,37453
Kane,Mckee,627 Strawberry Hill Rd,Kenai,AK,56951
Malakai,Strong,656 Tarbox Rd,Ketchikan,AK,27859
Rory,Conway,409 Tarbox2 Rd,Key West,FL,25892
Darnell,Stein,455 Taylor Rd,Killeen,TX,10719
Hamza,Whitehead,671 Weatherstone Dr,Kingston,ON,42446
Jaron,Bullock,749 West Shore Rd,Kinston,NC,21543
Ari,Escobar,450 White Tail  Run,Kirksville,MO,59984
Frankie,Knox,756 Willis Point Rd,Kitchener,ON,66693
Aditya,Meadows,576 Wright Rd,Waterloo,ON,75610
Clinton,Solomon,93 Nobleboro,Klamath Falls,OR,65010
Cullen,Velez,559 Acorn Dr,Knoxville,TN,13003
Keshawn,Odonnell,494 Alpine Dr,Kodiak,AK,97106
Milo,Kerr,665 Artesian Rd,Kona,HI,76061
Devyn,Stout,934 Azalea Rd,Kotzebue,AK,94254
Armani,Blankenship,797 Back Meadow Rd,La Crosse,WI,98149
Isai,Browning,307 Baldwin Rd,Lafayette,LA,15633
Jaylan,Kent,28 Ball Rd,Lake Charles,LA,79160
Kamari,Lozano,529 Balsam Ln,Lake Havasu City,AZ,36531
Nigel,Bartlett,999 Barnard Dr,Lanai City,HI,42900
Jovani,Pruitt,179 Bay Point Rd,Lancaster,PA,90522
Sterling,Buck,795 Bayview Rd,Lansing,MI,40995
Justus,Barr,565 Belvedere Rd,Laramie,WY,65122
Dillan,Gaines,9 Benner Ln,Laredo,TX,48777
Keon,Durham,751 Bennett Rd,Las Vegas,NV,23667
Marques,Gentry,450 Bent Ln,Latrobe,PA,64405
Nico,Mcintyre,680 Bertrum Pl,Laurel,MS,76997
Roland,Sloan,180 Blackberry Ln,Hattiesburg,MS,64054
Donavan,Melendez,620 Boot Hill Rd,Lawton,OK,73148
Giovanny,Rocha,488 Borland Hill Rd,Lebanon,NH,39212
Jorden,Herman,843 Bremen Rd,Lethbridge,AB,54968
Rigoberto,Sexton,45 Brightree Rd,Lewiston,ID,97694
Anton,Moon,88 Brook Dr,Lexington,KY,20123
Johnpaul,Hendricks,543 Brown Rd,Liberal,KS,57022
Konner,Rangel,945 Bryant Rd,Lihue,HI,10123
Jaeden,Stark,881 Burma Rd,Lincoln,NE,75641
Enzo,Lowery,112 Cabin Dr,Little Rock,AR,83968
Josh,Hardin,905 Campground Rd,London,ON,30189
Demarcus,Hull,291 Carols Cv,Long Beach,CA,88381
Estevan,Sellers,515 Causeway Dr,Long Island MacArthur,NY,33638
Rylee,Ellison,435 Cedar Ln,Longview,TX,36239
Yair,Calhoun,354 Center St,Los Angeles,CA,90618
Cale,Gillespie,307 Chadwick Rdg,Louisville,KY,76732
Kale,Mora,437 Chapman Rd,Lubbock,TX,44934
Karl,Knapp,551 Charlotte Ln,Lynchburg,VA,30957
Braedon,Mccall,381 Checkerberry Rd,Macon,GA,35231
Santos,Morse,523 Chickering Rd,Madison,WI,01328
Ralph,Dorsey,125 Churchill Dr,Manchester,NH,50793
Vance,Weeks,206 Cohen Rd,Manhattan,KS,46715
Alden,Nielsen,591 Connector Rd,Manistee,MI,08833
Bo,Livingston,890 Corduroy Rd,Marion,IL,73684
Augustus,Leblanc,614 Cottage Rd,Marquette,MI,04680
Cannon,Mclean,836 Cramer Rd,Mason City,IA,84301
Darryl,Bradshaw,359 Crescent Cove Rd,Massena,NY,76850
Gaven,Glass,754 Cushman Rd,McAllen,TX,38098
Sheldon,Middleton,72 Deep Cove Rd,McCook,NE,67868
Darien,Buckley,72 Deer Farm Rd,Medford,OR,42575
Coby,Schaefer,823 Depot St,Medicine Hat,AB,95789
Glenn,Frost,177 Duck Puddle Rd,Melbourne,FL,50532
Vaughn,Howe,50 Eagle View Ln,Memphis,TN,92284
German,House,533 East  Edge Rd,Meridian,MS,64253
Hassan,Mcintosh,140 East Neck Rd,Miami,FL,89141
Seamus,Ho,17 East Pond Rd,Midland,TX,27215
Braulio,Pennington,756 Echo Hill Rd,Odessa,TX,21103
Layton,Reilly,491 Eugley Hill Rd,Milwaukee,WI,62797
Nathen,Hebert,256 Evergreen Estates Rd,Minneapolis,MN,59982
Luciano,Mcfarland,654 Fern Cove Rd,St Paul,MN,18869
Roderick,Hickman,481 Ferry Rd,Minot,ND,94725
Antony,Noble,671 Fondy Rd,Missoula,MT,14790
Elvis,Spears,97 Four Seasons Dr,Mobile,AL,33732
Jovanni,Conrad,852 Fox Run Rd,Modesto,CA,31755
Samir,Arias,993 Gator Ln,Moline,IL,35715
Ellis,Galvan,436 Giberson Ln,Moncton,NB,22332
Malaki,Velazquez,299 Glendon Dr,Monroe,LA,19140
Deangelo,Huynh,979 Greenbrier Rd,Mont Joli,QC,23657
Jean,Frederick,444 Hackberry Rd,Monterey,CA,40289
Winston,Randolph,220 Hall Point Rd,Montgomery,AL,66443
Stefan,Cantu,416 Harriet House Rd,Montreal,QC,75378
Adriel,Fitzpatrick,920 Hatch Cove Rd,Montrose,CO,09438
Atticus,Mahoney,642 Heath Rd,Morgantown,WV,60539
Clark,Peck,799 Hemlock Dr,Moses Lake,WA,67429
Heath,Villa,648 Henny Rd,Muscle Shoals,AL,35168
Jamir,Michael,81 Hidden Valley Ln,Muskegon,MI,20204
Korbin,Donovan,920 Hill Top Rd,Myrtle Beach,SC,50479
Bruno,Mcconnell,158 Homestead Ln,Nanaimo,BC,30369
Alexandro,Walls,587 Hutchings Rd,Nantucket,MA,33621
Marquise,Boyle,52 Ice Palace Ln,Naples,FL,32422
Sonny,Mayer,374 Indian Point Rd,Nashville,TN,37036
Deacon,Zuniga,253 Indigo Rd,New Bern,NC,75148
Marcel,Giles,587 Isabelle Ln,New Haven,CT,96137
Rex,Pineda,756 Island View Dr,New Orleans,LA,38815
Santino,Pace,387 James Hall Rd,New York,NY,68427
Mathias,Hurley,835 Jared Rd,Newburgh,NY,02462
Kylan,Mays,535 Jones Point Rd,Newport News,VA,67091
Shamar,Mcmillan,2 Juniper Ln,Nome,AK,32175
Cason,Crosby,521 Kennedy Cottage Rd,Norfolk,VA,02361
Jovanny,Ayers,391 Kieve Rd,Virginia Beach,VA,74710
Garrison,Case,794 Knoll Crest Rd,Williamsburg,VA,78592
Nick,Bentley,660 Ladds Hill Rd,North Bay,ON,65524
Reynaldo,Shepard,46 Lady Slipper Ln,North Bend,OR,23478
Milton,Everett,584 Lake View Dr,North Platte,NE,94902
Brad,Pugh,323 Lavway Rd,Oakland,CA,98755
Adonis,David,164 Lazy Acres Ln,Ogdensburg,NY,85445
Makai,Mcmahon,703 Learning Center Rd,Oklahoma City,OK,77717
Prince,Dunlap,881 Ledgey Acres Ln,Omaha,NE,55388
Howard,Bender,69 Lester Rd,Ontario,CA,94293
Jovany,Hahn,96 Lily Dr,Orange County,CA,27010
Konnor,Harding,937 Lincoln St,Orlando,FL,93572
Quinten,Acevedo,328 Little Ln,Ottawa,ON,42074
Remington,Raymond,278 Loch Erin Rd,Owensboro,KY,90818
Nestor,Blackburn,849 Long Point Cv,Oxnard,CA,48213
Cortez,Duffy,74 Lower Burma Rd,Ventura,CA,74382
Kaeden,Landry,754 Lower Cross Rd,Paducah,KY,73122
Braylen,Dougherty,732 Main St,Palm Springs,CA,60199
Carlo,Bautista,714 Mallard Rd,Panama City,FL,11995
Bernard,Shah,393 Maple Dr,Parkersburg,WV,10535
Deon,Potts,669 Mapleridge Rd,Marietta,WV,27423
Sidney,Arroyo,539 McClintick Dr,Pasco,WA,37962
Jordy,Valentine,783 McNeil Rd,Pellston,MI,56621
Conrad,Meza,494 Meadow Lake Rd,Pendleton,OR,52103
Pranav,Gould,184 Merton Rd,Pensacola,FL,05242
Dangelo,Vaughan,132 Milky Way Rd,Penticton,BC,55308
Ean,Fry,303 Mill Stream Ln,Peoria,IL,03446
Houston,Rush,204 Moody's Island Rd,Petersburg,AK,73789
Savion,Avery,699 Morang Cove Rd,Philadelphia,PA,99419
Cael,Herring,168 Morgan Hill Rd,Phoenix,AZ,73654
Elmer,Dodson,872 Mountain Rd,Pierre,SD,89809
Josef,Clements,347 Mulligan Ln,Pittsburgh,PA,16098
Antwan,Sampson,63 Narrows Rd,Plattsburgh,NY,68563
Aydin,Tapia,690 Nash Rd,Pocatello,ID,86957
Dario,Bean,350 Nobleboro Woods Rd,Ponca City,OK,72293
Devonte,Lynn,354 Northeast Ln,Portland,ME,20999
Marcelo,Crane,521 Old County Rd,Portland,OR,29160
Kamden,Farley,98 Old Farm Rd,Prescott,AZ,47531
Keyon,Cisneros,39 Oliver Woods Rd,Presque Isle,ME,26439
Lucian,Benton,730 Oyster Creek Ln,Prince George,BC,82452
Gonzalo,Ashley,32 Paine Rd,Prince Rupert,BC,02200
Jan,Mckay,437 Palmer Hill Rd,Providence,RI,96671
Kadyn,Finley,742 Partridge Ln,Pueblo,CO,61721
Rashad,Best,710 Pepper Rd,Pullman,WA,95525
Zain,Blevins,800 Percy Cove Rd,Quebec,QC,60695
Tristian,Friedman,658 Pilot Cir,Quesnel,BC,21570
Blaze,Moses,609 Pine Ridge Dr,Quincy,IL,03567
Darwin,Sosa,375 Potter Point Rd,Raleigh,NC,68077
Elian,Blanchard,83 Prior Rd,Durham,NC,89230
Giovani,Huber,847 Quail Ln,Rankin Inlet,NU,48596
Haden,Frye,818 Raspberry Ln,Rapid City,SD,53960
Sammy,Krueger,523 Reed Ln,Redding,CA,19799
Yosef,Bernard,4 Rideout Rd,Redmond,OR,50041
Domenic,Rosario,722 Roberts Rd,Regina,SK,82029
Jovan,Rubio,967 Sand Hill Dr,Reno,NV,89752
Matias,Mullen,413 Sandy Point Rd,Rhinelander,WI,25759
Simeon,Benjamin,399 Schaff Rd,Richmond,VA,43920
Nikhil,Haley,341 School St,Riverton,WY,88064
Teagan,Chung,566 Sellman Ln,Roanoke,VA,94196
Luka,Moyer,976 Shore Rd,Roberval,QC,72056
Zaire,Choi,456 Sidelinger Rd,Rochester,MN,22443
Bronson,Horne,624 Smalley Rd,Rochester,NY,79518
Carmine,Yu,744 Smith Baltes Shrs,Rock Springs,WY,66602
Chaim,Woodward,508 Snackerty Rd,Rockland,ME,84177
Dexter,Ali,94 Snow Rd,Rouyn-Noranda,QC,37775
Jamel,Nixon,754 Spencer Ln,Rutland,VT,72348
Paxton,Hayden,984 Sprague Rd,Sacramento,CA,52872
Franco,Rivers,396 Spring Dr,Saginaw,MI,66572
Gordon,Estes,68 Spruce Dr,Salina,KS,42808
Leandro,Mccarty,826 Spur Rd,Salisbury-Ocean City,MD,22184
Maximillian,Richmond,33 Squiers Aly,Salt Lake City,UT,71069
Korey,Stuart,390 Starter Dr,San Angelo,TX,90500
Abdullah,Maynard,540 Sulos Rd,San Antonio,TX,11833
Aedan,Brandt,87 Summer Cv,San Diego,CA,04539
Kason,Oconnell,561 Sunset Dr,San Francisco,CA,35510
Andreas,Hanna,977 Teal Ln,San Jose,CA,84967
Finnegan,Sanford,152 Theodore Ln,San Luis Obispo,CA,46396
Zakary,Sheppard,928 Tonry Ln,Sandspit,BC,37544
Kanye,Church,286 Town Lndg,Santa Barbara,CA,36214
Matthias,Burch,237 Townline Rd,Santa Fe,NM,76212
Denzel,Levy,143 Transfer Station Dr,Santa Maria,CA,87970
Reuben,Rasmussen,238 Trask Rd,Saranac Lake,NY,44756
Soren,Coffey,236 Twin Canoes Ln,Sarasota,FL,47826
Travon,Ponce,532 U.S. Highway 1,Bradenton,FL,94339
Vincenzo,Faulkner,664 Upper Cross Rd,Sarnia,ON,11040
Carmelo,Donaldson,829 Upper East Pond Rd,Saskatoon,SK,56670
Jacoby,Schmitt,896 Vannah Rd,Sault Ste Marie,MI,79125
Karter,Novak,767 Waltz Rd,Sault Ste Marie,ON,94481
Ronaldo,Costa,453 Ward Rd,Savannah,GA,96829
Chaz,Montes,177 West  Neck Rd,Scottsbluff,NE,21216
Damari,Booker,171 West View Ln,Seattle,WA,09564
Rey,Cordova,611 Wilband Rd,Tacoma,WA,28437
Messiah,Waller,535 Wildwood Shores Rd,Sept-Iles,QC,94552
Zavier,Arellano,94 Willis Rd,Shenandoah Valley,VA,25246
Broderick,Maddox,942 Winds Way Dr,Sheridan,WY,09314
Darrius,Mata,874 Winslow Hill Rd,Show Low,AZ,01769
Gaige,Bonilla,682 Wooded Wy,Shreveport,LA,76467
Maximo,Stanton,887 Woodman Rd,Sioux City,IA,46455
Royce,Compton,7 Youngs Ct,Sioux Falls,SD,51254
Shannon,Kaufman,869 Boothbay,Sitka,AK,20943
Stephan,Dudley,629 A St,Smithers,BC,58073
Makhi,Mcpherson,968 Abbott Rd,South Bend,IN,97177
Gannon,Beltran,46 Access Rd,Spokane,WA,28723
Immanuel,Dickson,679 Adams Pond Rd,Springfield,IL,74449
Tyshawn,Mccann,1 Adams Rd,Springfield,MO,68234
Cristofer,Villegas,791 Albion Point Rd,St. Anthony,NL,11874
Ethen,Proctor,790 Aldaron Rd,St. Cloud,MN,24697
Jeramiah,Hester,837 Alice West Dr,St. George,UT,51518
Fredrick,Cantrell,867 Alley Rd,St. John,NB,37540
Sullivan,Daugherty,573 Anchor Ln,St. Johns,NL,73381
Norman,Cherry,691 Andersen Rd,St. Louis,MO,08882
Brenton,Bray,994 Annable Rd,State College,PA,38402
Campbell,Davila,152 Appel Ln,Steamboat Springs,CO,50207
Fredy,Rowland,411 Ardan Rd,Sudbury,ON,88165
Keven,Levine,892 Arrowhead Rd,Syracuse,NY,20001
Stone,Madden,455 B St,Tallahassee,FL,79557
Clifford,Spence,980 Back Eighty Rd,Tampa,FL,97002
Deshaun,Good,143 Back Narrows Rd,St. Petersburg,FL,18448
Jordyn,Irwin,813 Back River Lndg,Telluride,CO,42088
Kamren,Werner,535 Back River Rd,Terrace,BC,38984
Nash,Krause,703 Balsam Dr,Texarkana,AR,57210
Rishi,Petty,686 Barlow Hill Rd,Thief River Falls,MN,49580
Zack,Whitney,437 Barn Rd,Thunder Bay,ON,04261
Darin,Baird,417 Barters Island Rd,Timmins,ON,20728
Destin,Hooper,556 Bay St,Toledo,OH,32628
Guadalupe,Pollard,827 Beach Grove St,Toronto,ON,27837
Jarvis,Zavala,830 Beath Rd,Traverse City,MI,16672
Perry,Jarvis,791 Beaver Run Wy,Tri-City Airport,TN,45558
Dandre,Holden,302 Bellhaven,Tucson,AZ,65285
Daryl,Haas,126 Bens Landing Rd,Tulsa,OK,14685
Jaidyn,Hendrix,302 Birches Dr,Tupelo,MS,88733
Thaddeus,Mcgrath,483 Blueberry Ledge Ln,Twin Falls,ID,60519
Elvin,Bird,930 Boothbay Woods Rd,Tyler,TX,06969
Tayshaun,Lucero,216 Bottle Cove Rd,Vail,CO,55660
Valentin,Terrell,401 Bowsprint Ln,Val D'Or,QC,02134
Yusuf,Riggs,857 Break Neck Ridge Rd,Valdez,AK,49594
Austen,Joyce,292 Brewer Rd,Valdosta,GA,68184
Camryn,Mercer,450 Brookwood Dr,Vancouver,BC,82779
Colt,Rollins,233 Browns Ln,Victoria,BC,39930
Darion,Galloway,495 Bryers Cir,Victoria,TX,30449
Dimitri,Duke,663 Bufflehead Cove Rd,Wabush,NL,12070
Earl,Odom,677 Builders Sq,Waco,TX,85487
Arnav,Andersen,883 Burleigh Hill Rd,Walla Walla,WA,10726
Baby,Downs,928 Burnham Cove Rd,Washington,DC,23323
Kelton,Hatfield,652 Burning Bush Dr,Waterloo,IA,49358
Kurt,Benitez,892 Butler Rd,Watertown,NY,93981
Leroy,Archer,559 Campers Cove Rd,Watertown,SD,33636
Mariano,Huerta,825 Carisle Rd,Wausau,WI,35788
Dallin,Travis,493 Carter Rd,Wenatchee,WA,97637
Dion,Mcneil,533 Chadbourne Rd,West Palm Beach,FL,44509
Reilly,Hinton,900 Chandler Rd,Westchester County,NY,20516
Efren,Zhang,667 Chapel St,Whitehorse,YT,51013
Fidel,Hays,55 Chippah Wy,Wichita Falls,TX,98426
Jaydin,Mayo,287 Church St,Wichita,KS,61406
Rocky,Fritz,549 Cindy Cir,Wilkes-Barre,PA,01552
Shayne,Branch,247 Clam Av,Scranton,PA,16047
Bernardo,Mooney,338 Clam Factory  Ln,Williams Lake,BC,46819
Branson,Ewing,406 Cliff Rd,Williamsport,PA,77888
Hugh,Ritter,244 Colburn Ln,Williston,ND,90761
Maxim,Esparza,871 Common Dr,Wilmington,NC,79951
Shea,Frey,175 Compass Cove Rd,Windsor,ON,95836
Carlton,Braun,145 Corey Ln,Winnipeg,MB,35713
Dylon,Gay,754 Cornell Ln,Worland,WY,12402
Gauge,Riddle,953 Cottage Rd,Yakima,WA,17205
Cristobal,Haney,413 Country Club Rd,Yellowknife,NT,30044
Irving,Kaiser,925 Courjon Rd,Yuma,AZ,79022
Marquez,Holder,216 Cove Landing Rd,Abbotsford,BC,01292
Ulysses,Chaney,551 Crooker Rd,Aberdeen,SD,95887
Jax,Mcknight,439 Cross Cove Rd,Abilene,TX,87607
Mikel,Gamble,634 Cross Rd,Akron,OH,97837
Rhys,Vang,748 Crow Point Ln,Canton,OH,33740
Van,Cooley,785 Cunner Rock Rd,Alamosa,CO,38697
Cornelius,Carney,925 Dakota Trl,Albany,GA,20727
Geoffrey,Cowan,883 Dallas Dr,Albany,NY,48557
Eliseo,Forbes,388 Day Rd,Albuquerque,NM,98031
Jaren,Ferrell,173 Decker Reef Rd,Alexandria,LA,19555
Kennedy,Davies,958 Deer Run Rd,Allentown,PA,43518
Markell,Barajas,523 Deer Trail Dr,Bethlehem,PA,66018
Adin,Shea,840 Delano Dr,Easton,PA,62324
Isaak,Osborn,852 Desert Rock Dr,Alliance,NE,33920
Keanu,Bright,895 Dodge Rd,Alpena,MI,39844
Keyshawn,Cuevas,299 Donnas Wy,Altoona,PA,30154
Tariq,Bolton,951 Dover Cross Rd,Amarillo,TX,84086
Daquan,Murillo,965 Dover Rd,Anchorage,AK,51919
Edison,Lutz,186 E St,Appleton,WI,59010
Bridger,Duarte,784 Eagle Ridge Rd,Asheville,NC,50293
Fisher,Kidd,881 East Brook Rd,Aspen,CO,78281
Jaheim,Key,583 East Side Rd,Athens,GA,66323
Tye,Cooke,998 East Tibbetts Rd,Atlanta,GA,97906
Blaise,Smith,609 Edgewater Wy,Atlantic City,NJ,75326
Emily,Johnson,996 Edwards Ln,Augusta,GA,100453
Emma,Williams,272 Elbow Rd North,Augusta,ME,51383
Madison,Brown,751 Elbow Rd South,Austin,TX,100884
Hannah,Jones,398 Emily Ln,Bagotville,QC,17374
Olivia,Miller,286 Enterprise St,Baie Comeau,QC,79874
Abigail,Davis,755 Ernest Egan Dr,Bakersfield,CA,10010
Alexis,Garcia,786 F St,Baltimore,MD,85135
Ashley,Rodriguez,75 Farnham Point Rd,Bangor,ME,03636
Elizabeth,Wilson,877 Farrins Dr,Bar Harbor,ME,95423
Samantha,Martinez,182 First St,Barrow,AK,88042
Isabella,Anderson,208 Firth Dr,Bathurst,NB,73434
Sarah,Taylor,516 Fish Hawk Hill Rd,Baton Rouge,LA,24207
Grace,Thomas,334 Flint Ln,Beaumont,TX,32630
Alyssa,Hernandez,985 Flos Ln,Port Arthur,TX,23588
Lauren,Moore,636 Forest Haven Rd,Beckley,WV,38465
Kayla,Martin,524 Formosa Ln,Bellingham,WA,82239
Brianna,Jackson,152 Fort Island Rd,Bemidji,MN,37317
Jessica,Thompson,826 Four Wheel Dr,Bethel,AK,26135
Taylor,White,906 Fox Loop,Billings,MT,93228
Sophia,Lopez,430 Gaecklein Rd,Binghamton,NY,29949
Anna,Lee,68 Gall Rock Rd,Birmingham,AL,93753
Victoria,Gonzalez,374 Garden Rail Wy,Bismarck,ND,53926
Natalie,Harris,325 Georges Rd,Blanc Sablon,QC,68122
Chloe,Clark,420 Giles Rd,Bloomington,IL,94149
Sydney,Lewis,68 Goddard Point Rd,Bluefield,WV,11610
Hailey,Robinson,842 Goldenrod Ln,Boise,ID,09034
Jasmine,Walker,309 Gramps Camp Rd,Boston,MA,08817
Rachel,Perez,797 Gray Rd,Bozeman,MT,06936
Morgan,Hall,749 Great Oak Ln,Bradford,PA,10453
Megan,Young,696 Green Landing Rd,Brainerd,MN,79692
Jennifer,Allen,844 Greenleaf Rd,Brownsville,TX,07508
Kaitlyn,Sanchez,792 Grimes Av,Brunswick,GA,08717
Julia,Wright,162 Grove St,Buffalo,NY,38138
Haley,King,292 Hamilton Gdns,Burbank,CA,67599
Mia,Scott,52 Haney Rd,Burlington,IA,75291
Katherine,Green,719 Hardwick Rd,Burlington,VT,12181
Destiny,Baker,134 Hatch Farm Rd,Butte,MT,66948
Alexandra,Adams,382 Heron Cv,Calgary,AB,03340
Nicole,Nelson,575 Hiawathia Trl,Campbell River,BC,04378
Maria,Hill,968 Hidden Ridge Ln,Cape Girardeau,MO,93595
Ava,Ramirez,773 Higbee Ln,Casper,WY,14174
Savannah,Campbell,34 High Fields Rd,Castlegar,BC,28913
Brooke,Mitchell,641 High St,Cedar City,UT,12001
Ella,Roberts,133 Highland Ridge Rd,Cedar Rapids,IA,56662
Allison,Carter,416 Hillside Pl,Iowa City,IA,98024
Mackenzie,Phillips,115 Hodgdon Ln,Chadron,NE,29172
Paige,Evans,814 Holbrook Rd,Champaign,IL,11611
Stephanie,Turner,515 Huff Rd,Charleston,SC,78327
Jordan,Torres,316 Humdinger Rd,Charleston,WV,19236
Kylie,Parker,254 Ice Pond Rd,Charlotte,NC,35318
Makayla,Collins,764 Indian Hill Rd,Charlottesville,VA,54641
Faith,Edwards,7 Indian Path,Charlottetown,PE,89521
Amanda,Stewart,950 Industrial Park Rd,Chattanooga,TN,17152
Kaylee,Flores,594 Inlet Trl,Cheyenne,WY,50540
Jenna,Morris,884 Island View Rd,Chibougamau,QC,04169
Andrea,Nguyen,788 Isle Of Springs Rd,Chicago,IL,97877
Trinity,Murphy,37 Jabberwock Ln,Chico,CA,44929
Zoe,Rivera,110 Jacobs Lndg,Cincinnati,OH,34933
Katelyn,Cook,643 Jason Cir,Clarksburg,WV,36663
Madeline,Rogers,186 Kelly Brook Rd,Cleveland,OH,90819
Mary,Morgan,891 Kent Rd,Clovis,NM,29527
Michelle,Peterson,659 Kimball Ln,Cody,WY,81594
Kimberly,Cooper,543 Kimballtown Rd,College Station,TX,89448
Rebecca,Reed,872 King Phillips Trl,Colorado Springs,CO,91463
Sara,Bailey,497 Knickerbocker Rd,Columbia,MO,46407
Alexa,Bell,936 Knickerkane Rd,Columbia,SC,24017
Caroline,Gomez,913 Landing Rd,Columbus,GA,83038
Gabrielle,Kelly,330 Leavitt Rd,Columbus,OH,95319
Lily,Howard,375 Ledgewood Dr,Columbus,MS,91778
Vanessa,Ward,661 Leighton Ln,Starkville,MS,28583
Angelina,Cox,166 Lewis Ln,West Point,MS,94725
Riley,Diaz,149 Lincoln St,Comox,BC,46341
Sierra,Richardson,949 Linden Ln,Cordova,AK,84281
Amber,Wood,335 Lindsay Rd,Corpus Christi,TX,40573
Gabriella,Watson,264 Linekin Landing Rd,Cortez,CO,91448
Autumn,Brooks,439 Little Pond Rd,Cranbrook,BC,86888
Lillian,Bennett,208 Little River Ln,Crescent City,CA,100343
Audrey,Gray,913 Lobstermans Wy,Dallas,TX,94783
Ariana,James,911 Long Ledge Rd,Fort Worth,TX,76198
Jada,Reyes,364 Lookout Dr,Dayton,OH,93674
Erin,Cruz,204 Lu Yu Tea Ln,Daytona Beach,FL,52877
Isabel,Hughes,196 Lukes Gulch,Decatur,IL,95719
Leah,Price,912 Madison Rd,Deer Lake,NL,84763
Danielle,Myers,460 Marble Ledge Dr,Del Rio,TX,37384
Maya,Long,835 Marden Rd,Denver,CO,44163
Arianna,Foster,69 Marston Rd,Des Moines,IA,51466
Gabriela,Sanders,368 Mary Anne Rd,Detroit,MI,100228
Jocelyn,Ross,64 Mass Av,Devils Lake,ND,69998
Evelyn,Morales,967 Massasoit Rd,Dickinson,ND,23404
Avery,Powell,749 Mathias Dr,Dillingham,AK,61675
Aaliyah,Sullivan,976 Matthews Rd,Dodge City,KS,34594
Leslie,Russell,139 McCobb Rd,Dothan,AL,28376
Sofia,Ortiz,90 McDonald Ln,Dubois,PA,100457
Melanie,Jenkins,814 McKown Rd,Dubuque,IA,94487
Claire,Gutierrez,316 Meadow Cove Rd,Duluth,MN,05080
Shelby,Perry,405 Meadowbrook Woods,Superior,MN,10684
Melissa,Butler,47 Merry Ln,Durango,CO,40639
Marissa,Barnes,328 Merryweather Ln,Eau Claire,WI,93304
Bailey,Fisher,193 Merton Wy,Edmonton,AB,66371
Jade,Henderson,713 Middle Rd,El Centro,CA,91152
Jacqueline,Coleman,36 Moose Ridge Crsg,Imperial,CA,93004
Molly,Simmons,748 Mudflat Aly North,El Paso,TX,10841
Angela,Patterson,699 Mudflat Aly South,Elko,NV,89233
Courtney,Jordan,601 Murray Hill Rd,Elmira,NY,31855
Breanna,Reynolds,415 Murrhy Rd,Corning,NY,06313
Catherine,Hamilton,464 My Wy,Enid,OK,57194
Adriana,Graham,280 Narrow Ridge Rd,Erie,PA,89917
Diana,Kim,464 Nason Rd,Escanaba,MI,08695
Daniela,Gonzales,346 Neighba Ln,Eugene,OR,37601
Katie,Alexander,385 Nichols Rd,Eureka,CA,68981
Isabelle,Ramos,917 Nickerson Pond Rd,Arcata,CA,03769
Christina,Wallace,357 Northern Dr,Evansville,IN,51107
Amelia,Griffin,772 Oak Hill Rd,Fairbanks,AK,71878
Briana,West,871 Oakwood Ln,Fargo,ND,91469
Mariah,Cole,635 Ocean Point Rd,Farmington,NM,89699
Madelyn,Hayes,703 Ocean Ridge Dr,Fayetteville,AR,21390
Kathryn,Chavez,837 Ocean View Pl,Fayetteville,NC,43692
Mya,Gibson,826 Ojibwa Trl,Flint,MI,01862
Brooklyn,Bryant,293 Old Pier Rd,Florence,SC,24005
Amy,Ellis,108 Old Trevett Rd,Franklin,PA,10003
Angel,Stevens,782 Old Wharf Rd,Fredericton,NB,34768
Laura,Murray,10 Ovens Mouth Ln,Fresno,CA,09835
Kennedy,Ford,800 Page Ln,Ft. Dodge,IA,90310
Alexandria,Marshall,436 Paradise Point Rd,Ft. Huachuca,AZ,65445
Kelly,Owens,867 Park St,Sierra Vista,AZ,81409
Gracie,Mcdonald,964 Partridge Rd,Ft. Lauderdale,FL,53049
Ana,Harrison,991 Pasture Ln,Ft. Leonard Wood,MO,22045
Alondra,Ruiz,34 Peaceful Acres Dr,Ft. McMurray,AB,18642
Lydia,Kennedy,230 Peaslee Rd,Ft. Myers,FL,86434
Margaret,Wells,608 Pension Ridge Rd,Ft. Smith,AR,72218
Kelsey,Alvarez,250 Pine Island Rd,Ft. St John,BC,42966
Alicia,Woods,834 Pine Tree Ln,Ft. Walton Beach,FL,43308
Lindsey,Mendoza,930 Pine View Ridge Rd,Ft. Wayne,IN,32718
Alexia,Castillo,479 Pine Woods Rd,Gainesville,FL,01342
Cheyenne,Olson,379 Pinkham Ln,Garden City,KS,89587
Natalia,Webb,221 Pleasant Cove Rd,Gaspe,QC,24379
Jillian,Washington,632 Pleasant Point Dr,Gillette,WY,96029
Daisy,Tucker,114 Pleasant View Ln,Goose Bay,NL,46821
Sabrina,Freeman,334 Pocahontas Trl,Grand Canyon,AZ,66364
Mikayla,Burns,138 Poore Rd,Grand Forks,ND,88050
Ashlyn,Henry,49 Porcupine Pt,Grand Island,NE,49340
Angelica,Vasquez,902 Porter Point Rd,Grand Junction,CO,96181
Karen,Snyder,754 Pothole Ln,Grand Rapids,MI,80069
Cassandra,Simpson,88 Presley Dr,Grande Prairie,AB,85458
Caitlin,Crawford,856 Pumphouse Rd,Great Bend,KS,72601
Gianna,Jimenez,492 Quarry Ln,Great Falls,MT,29979
Skylar,Porter,311 Railroad Av,Green Bay,WI,01317
Lizbeth,Mason,126 Rays Ln,Greenbrier,WV,60273
Tiffany,Shaw,123 Reed Ln,Greensboro,NC,02428
Nevaeh,Gordon,445 Rice Rd,High Point,NC,42254
Sophie,Wagner,550 Ridge Rd,Winston Salem,NC,84734
Mckenzie,Hunter,571 Rittall Rd,Greenville,MS,26105
Cassidy,Romero,446 River Bend Dr,Greenville,NC,41311
Summer,Hicks,850 River Rd,Greenville,SC,20580
Kylee,Dixon,831 River View Dr,Spartanburg,SC,14919
Jordyn,Hunt,305 Roberts Rd,Gulfport,MS,40971
Kendall,Palmer,980 Rock Lobster Rd,Biloxi,MS,16025
Juliana,Robertson,9 Rollins Hale Dr,Gunnison,CO,24618
Karina,Black,28 Royall Rd,Hagerstown,MD,22966
Miranda,Holmes,35 Ruff Wave Dr,Halifax,NS,08391
Bianca,Stone,900 Ryder Trl,Hancock,MI,54361
Naomi,Meyer,571 Ryefield Pt,Harlingen,TX,58406
Caitlyn,Boyd,496 Salt Meadow Ln,Harrisburg,PA,78381
Erica,Mills,880 Salter Ln,Hartford,CT,49204
Abby,Warren,660 Samoset Rd,Hays,KS,26120
Kate,Fox,987 Samoset Trl,Helena,MT,60038
Kiara,Rose,754 Sand Dollar Ln,Hibbing,MN,85837
Crystal,Rice,984 Sawyers Island Rd,Chisholm,MN,02533
Kyla,Moreno,756 School St,Hilo,HI,17894
Rylee,Schmidt,689 Schooner Ridge Rd,Hilton Head Island,SC,12906
Valeria,Patel,844 Sea Ledge Wood Rd,Honolulu,HI,44561
Valerie,Ferguson,819 Sea Mist Dr North,Hoolehua,HI,89965
Karla,Nichols,977 Sea Mist Dr South,Houston,TX,08325
Jamie,Herrera,805 Sea Surf Rd,Huntington,WV,14273
Veronica,Medina,451 Seascape Dr,Huntsville,AL,47169
Hayley,Ryan,697 Second St,Decatur,AL,12542
Hope,Fernandez,4 Shackletons Wy,Hyannis,MA,07962
Erika,Weaver,119 Sheepscot Shores Rd,Idaho Falls,ID,62268
Delaney,Daniels,146 Sherman Cove Rd,Iles de la Madeleine,QC,34771
Chelsea,Stephens,292 Shore Rd,Indianapolis,IN,64082
Genesis,Gardner,398 Short St,International Falls,MN,47763
Alejandra,Payne,90 Skylers Wy,Inyokern,CA,67622
Charlotte,Kelley,519 South Ledge Rd,Iron Mountain,MI,50070
Amaya,Dunn,177 Spar Shed Ln,Ironwood,MI,52014
Giselle,Pierce,219 Spike Horn Dr,Ithaca,NY,47832
Aubrey,Arnold,993 Spindletree Rd,Jackson,MS,01639
Carly,Tran,346 Spofford Ln,Jackson,TN,70876
Julianna,Spencer,582 Spring St,Jackson,WY,18171
Ellie,Peters,921 Sproul Ln,Jacksonville,FL,23318
Maggie,Hawkins,393 Spruce Dr,Jacksonville,NC,49340
Meghan,Grant,462 Spruce Shores Rd,Jamestown,ND,03434
Addison,Hansen,357 Spyglass Hill Rd,Jamestown,NY,43064
Layla,Castro,747 Steves Rd,Johnstown,PA,18487
Mckenna,Hoffman,735 Stone Cove Rd,Joplin,MO,92364
Sadie,Hart,797 Stone Point Ln,Juneau,AK,46582
Peyton,Elliott,990 Stone Wharf Rd,Kahului,HI,14499
Ruby,Cunningham,294 Storage Ln,Kalamazoo,MI,78718
Jazmin,Knight,251 Stover Rd,Kalispell,MT,43933
Esmeralda,Bradley,772 Sunny Acres Ln,Kamloops,BC,81746
Alana,Carroll,203 Sunrise Rd,Kansas City,MO,44959
Cynthia,Hudson,127 Sunset Rock Rd,Kapalua,HI,89531
Reagan,Duncan,657 Tamarack Trl,Kearney,NE,39020
Jayla,Armstrong,608 Tavenner Rd,Kelowna,BC,99802
Jasmin,Berry,5 Tecumseh Trl,Kenai,AK,79529
Monica,Andrews,198 Tharpe Ln,Ketchikan,AK,01130
Bethany,Johnston,504 The Ledges,Key West,FL,18550
Payton,Ray,899 Thistle Ln,Killeen,TX,92655
Heather,Lane,229 Thods Rd,Kingston,ON,77985
Nadia,Riley,404 Tidewater Dr,Kinston,NC,11726
Makenzie,Carpenter,164 Timber Holw,Kirksville,MO,10417
Brittany,Perkins,295 Timber Pine Ln,Kitchener,ON,85694
Hanna,Aguilar,92 Timber Pine Narrows,Waterloo,ON,95950
Adrianna,Silva,325 Tool Rd,Klamath Falls,OR,06041
Ariel,Richards,38 Townline Rd,Knoxville,TN,96146
Eva,Willis,590 Townsend Ln,Kodiak,AK,99374
Desiree,Matthews,627 Trevett Rd,Kona,HI,83790
Haylee,Chapman,529 Tri Cove Ln,Kotzebue,AK,40108
Elena,Lawrence,27 Twin Cove Rd,La Crosse,WI,15671
Macy,Garza,899 Two Rivers Ln,Lafayette,LA,41666
Rebekah,Vargas,871 Two Sisters Ln,Lake Charles,LA,22605
Lucy,Watkins,685 Valley Rd,Lake Havasu City,AZ,01154
Kyra,Wheeler,81 Van Horn Rd,Lanai City,HI,83994
Vivian,Larson,113 Virginia St,Lancaster,PA,38742
Zoey,Carlson,796 Walker Rd,Lansing,MI,69272
Makenna,Harper,88 Wall St,Laramie,WY,51185
Kristen,George,958 Waterfront Ln North,Laredo,TX,23139
Shannon,Greene,911 Waterfront Ln South,Las Vegas,NV,60920
Brenda,Burke,978 Waters Edge,Latrobe,PA,97165
Jaden,Guzman,269 West Side Rd,Laurel,MS,67580
Paola,Morrison,875 West St D1,Hattiesburg,MS,45497
Alison,Munoz,268 West Tibbetts Rd,Lawton,OK,82975
Elise,Jacobs,717 Western Ledge Rd,Lebanon,NH,86565
Raven,Obrien,157 Westwind Dr,Lethbridge,AB,64094
Mallory,Lawson,678 Whale Rock Rd,Lewiston,ID,02257
Serenity,Franklin,340 Wharf Rd,Lexington,KY,22918
Aliyah,Lynch,990 Whipporwill Dr,Liberal,KS,65561
Michaela,Bishop,798 White Tail Trl,Lihue,HI,88105
Diamond,Carr,565 Wigwam Trl,Lincoln,NE,35060
Asia,Salazar,143 Wildcat Creek Rd,Little Rock,AR,83250
Julie,Austin,799 Wilde Pl,London,ON,08527
Nina,Mendez,915 Wilderness Dr,Long Beach,CA,65826
Fatima,Gilbert,998 Willow Rdg,Long Island MacArthur,NY,36940
Claudia,Jensen,346 Winding Ln,Longview,TX,01833
Mariana,Williamson,84 Windrush Ln,Los Angeles,CA,33975
Liliana,Montgomery,321 Windward Ln,Louisville,KY,23048
Kara,Harvey,972 Wiscasset Rd,Lubbock,TX,42844
Jayden,Oliver,541 Wohseepee Wy,Lynchburg,VA,61442
Kailey,Howell,261 Wolf Rd,Macon,GA,14560
Guadalupe,Dean,932 Woodshed Ln,Madison,WI,46177
Allyson,Hanson,131 Yankee Wy,Manchester,NH,96756
Carmen,Weber,624 Long Point Cv,Manhattan,KS,98433
Savanna,Garrett,712 Lower Burma Rd,Manistee,MI,44167
Jazmine,Sims,852 Lower Cross Rd,Marion,IL,32011
Laila,Burton,956 Main St,Marquette,MI,79708
Joanna,Fuller,771 Mallard Rd,Mason City,IA,33752
Camille,Soto,35 Maple Dr,Massena,NY,81079
Carolina,Mccoy,15 Mapleridge Rd,McAllen,TX,58634
Katelynn,Welch,29 McClintick Dr,McCook,NE,42192
Serena,Chen,640 McNeil Rd,Medford,OR,07496
Josephine,Schultz,863 Meadow Lake Rd,Medicine Hat,AB,51020
Kendra,Walters,364 Merton Rd,Melbourne,FL,15841
Lindsay,Reid,784 Milky Way Rd,Memphis,TN,28970
Holly,Fields,767 Mill Stream Ln,Meridian,MS,02033
Kaitlin,Walsh,8 Moody's Island Rd,Miami,FL,76593
Jadyn,Little,345 Morang Cove Rd,Midland,TX,97851
Sandra,Fowler,851 Morgan Hill Rd,Odessa,TX,34496
Heaven,Bowman,878 Mountain Rd,Milwaukee,WI,91677
Anastasia,Davidson,705 Mulligan Ln,Minneapolis,MN,24855
Nancy,May,298 Narrows Rd,St Paul,MN,58643
Lilly,Day,511 Nash Rd,Minot,ND,71365
Cecilia,Schneider,739 Nobleboro Woods Rd,Missoula,MT,58227
Tatiana,Newman,244 Northeast Ln,Mobile,AL,33604
Cindy,Brewer,439 Old County Rd,Modesto,CA,15545
Selena,Lucas,322 Old Farm Rd,Moline,IL,05536
Paris,Holland,31 Oliver Woods Rd,Moncton,NB,84738
Perla,Wong,791 Oyster Creek Ln,Monroe,LA,94943
Katrina,Banks,48 Paine Rd,Mont Joli,QC,08833
Alaina,Santos,776 Palmer Hill Rd,Monterey,CA,87070
Skyler,Curtis,97 Partridge Ln,Montgomery,AL,90277
Camila,Pearson,458 Pepper Rd,Montreal,QC,87721
April,Delgado,335 Percy Cove Rd,Montrose,CO,90276
Kirsten,Valdez,190 Pilot Cir,Morgantown,WV,10951
Tessa,Pena,556 Pine Ridge Dr,Moses Lake,WA,100452
Annika,Rios,285 Potter Point Rd,Muscle Shoals,AL,60134
Kira,Douglas,339 Prior Rd,Muskegon,MI,16614
Kathleen,Sandoval,327 Quail Ln,Myrtle Beach,SC,50715
Priscilla,Barrett,582 Raspberry Ln,Nanaimo,BC,35077
Wendy,Hopkins,879 Reed Ln,Nantucket,MA,66447
Patricia,Keller,908 Rideout Rd,Naples,FL,96668
Miriam,Guerrero,863 Roberts Rd,Nashville,TN,41134
Kayleigh,Stanley,734 Sand Hill Dr,New Bern,NC,34694
Annabelle,Bates,808 Sandy Point Rd,New Haven,CT,73041
Cierra,Alvarado,744 Schaff Rd,New Orleans,LA,27128
Brynn,Beck,677 School St,New York,NY,27837
Clara,Ortega,64 Sellman Ln,Newburgh,NY,22835
Alissa,Wade,816 Shore Rd,Newport News,VA,90910
Esther,Estrada,993 Sidelinger Rd,Nome,AK,87693
Celeste,Contreras,685 Smalley Rd,Norfolk,VA,54002
Tori,Barnett,97 Smith Baltes Shrs,Virginia Beach,VA,33861
Kristina,Caldwell,145 Snackerty Rd,Williamsburg,VA,67335
Brenna,Santiago,840 Snow Rd,North Bay,ON,53012
Yesenia,Lambert,203 Spencer Ln,North Bend,OR,62416
Melody,Powers,402 Sprague Rd,North Platte,NE,68736
Natasha,Chambers,167 Spring Dr,Oakland,CA,33150
Bridget,Nunez,978 Spruce Dr,Ogdensburg,NY,05479
Cameron,Craig,60 Spur Rd,Oklahoma City,OK,91667
Emilee,Leonard,107 Squiers Aly,Omaha,NE,81972
Kassandra,Lowe,25 Starter Dr,Ontario,CA,34507
Eleanor,Rhodes,45 Sulos Rd,Orange County,CA,60595
Josie,Byrd,814 Summer Cv,Orlando,FL,49690
Camryn,Gregory,877 Sunset Dr,Ottawa,ON,37912
Reese,Shelton,263 Teal Ln,Owensboro,KY,27535
Harley,Frazier,608 Theodore Ln,Oxnard,CA,64876
Shayla,Becker,776 Tonry Ln,Ventura,CA,25834
Daniella,Maldonado,483 Town Lndg,Paducah,KY,06844
Heidi,Fleming,994 Townline Rd,Palm Springs,CA,10007
Ashlynn,Vega,869 Transfer Station Dr,Panama City,FL,95599
Casey,Sutton,740 Trask Rd,Parkersburg,WV,75434
Madeleine,Cohen,126 Twin Canoes Ln,Marietta,WV,40655
Bryanna,Jennings,755 U.S. Highway 1,Pasco,WA,07458
Kiana,Parks,443 Upper Cross Rd,Pellston,MI,41621
Ashanti,Mcdaniel,17 Upper East Pond Rd,Pendleton,OR,36006
Aniya,Watts,620 Vannah Rd,Pensacola,FL,45131
Rachael,Barker,579 Waltz Rd,Penticton,BC,42280
Britney,Norris,532 Ward Rd,Peoria,IL,02212
Allie,Vaughn,758 West  Neck Rd,Petersburg,AK,32227
Bella,Vazquez,533 West View Ln,Philadelphia,PA,80524
Sidney,Holt,346 Wilband Rd,Phoenix,AZ,54119
Shania,Schwartz,39 Wildwood Shores Rd,Pierre,SD,90799
Denise,Steele,72 Willis Rd,Pittsburgh,PA,41712
Imani,Benson,137 Winds Way Dr,Plattsburgh,NY,81818
Christine,Neal,996 Winslow Hill Rd,Pocatello,ID,86643
Mercedes,Dominguez,411 Wooded Wy,Ponca City,OK,97008
Eliza,Horton,772 Woodman Rd,Portland,ME,100213
Marisa,Terry,193 Youngs Ct,Portland,OR,62804
Tara,Wolfe,637 Boothbay,Prescott,AZ,46265
Halle,Hale,802 A St,Presque Isle,ME,91953
Alayna,Lyons,424 Abbott Rd,Prince George,BC,95586
Annie,Graves,704 Access Rd,Prince Rupert,BC,98121
Eden,Haynes,285 Adams Pond Rd,Providence,RI,13874
Callie,Miles,469 Adams Rd,Pueblo,CO,100373
Dakota,Park,99 Albion Point Rd,Pullman,WA,67212
Piper,Warner,574 Aldaron Rd,Quebec,QC,52650
Fiona,Padilla,463 Alice West Dr,Quesnel,BC,11821
Leilani,Bush,505 Alley Rd,Quincy,IL,79482
Eliana,Thornton,925 Anchor Ln,Raleigh,NC,49580
Nia,Mccarthy,178 Andersen Rd,Durham,NC,18841
Kaylie,Mann,363 Annable Rd,Rankin Inlet,NU,39346
Leila,Zimmerman,598 Appel Ln,Rapid City,SD,97500
Ruth,Erickson,553 Ardan Rd,Redding,CA,02849
Logan,Fletcher,344 Arrowhead Rd,Redmond,OR,52688
Alivia,Mckinney,707 B St,Regina,SK,64542
Yasmin,Page,776 Back Eighty Rd,Reno,NV,41496
Aniyah,Dawson,464 Back Narrows Rd,Rhinelander,WI,18535
Julissa,Joseph,470 Back River Lndg,Richmond,VA,56430
Cristina,Marquez,339 Back River Rd,Riverton,WY,60989
Talia,Reeves,748 Balsam Dr,Roanoke,VA,07580
Rose,Klein,871 Barlow Hill Rd,Roberval,QC,35956
Emely,Espinoza,855 Barn Rd,Rochester,MN,04044
Ashleigh,Baldwin,786 Barters Island Rd,Rochester,NY,15837
Meredith,Moran,601 Bay St,Rock Springs,WY,33116
Kiley,Love,152 Beach Grove St,Rockland,ME,92541
Hailee,Robbins,403 Beath Rd,Rouyn-Noranda,QC,17124
Ayanna,Higgins,645 Beaver Run Wy,Rutland,VT,46836
Lesly,Ball,72 Bellhaven,Sacramento,CA,85802
Lauryn,Cortez,462 Bens Landing Rd,Saginaw,MI,61765
Sasha,Le,819 Birches Dr,Salina,KS,35135
Nora,Griffith,2 Blueberry Ledge Ln,Salisbury-Ocean City,MD,94891
Krystal,Bowen,353 Boothbay Woods Rd,Salt Lake City,UT,57264
Lisa,Sharp,673 Bottle Cove Rd,San Angelo,TX,79865
Jayda,Cummings,500 Bowsprint Ln,San Antonio,TX,04230
Aurora,Ramsey,361 Break Neck Ridge Rd,San Diego,CA,57192
Alexus,Hardy,859 Brewer Rd,San Francisco,CA,87683
Georgia,Swanson,426 Brookwood Dr,San Jose,CA,70869
Lacey,Barber,232 Browns Ln,San Luis Obispo,CA,74330
Dana,Acosta,879 Bryers Cir,Sandspit,BC,14150
Rylie,Luna,632 Bufflehead Cove Rd,Santa Barbara,CA,51336
Clarissa,Chandler,193 Builders Sq,Santa Fe,NM,64753
Stella,Blair,147 Burleigh Hill Rd,Santa Maria,CA,17654
Iris,Daniel,980 Burnham Cove Rd,Saranac Lake,NY,41665
Madalyn,Cross,979 Burning Bush Dr,Sarasota,FL,84218
Angie,Simon,330 Butler Rd,Bradenton,FL,83221
Ciara,Dennis,792 Campers Cove Rd,Sarnia,ON,43762
Alina,Oconnor,13 Carisle Rd,Saskatoon,SK,05089
Anne,Quinn,167 Carter Rd,Sault Ste Marie,MI,18996
Marisol,Gross,270 Chadbourne Rd,Sault Ste Marie,ON,72432
Ashlee,Navarro,993 Chandler Rd,Savannah,GA,50123
Genevieve,Moss,28 Chapel St,Scottsbluff,NE,01535
Helen,Fitzgerald,77 Chippah Wy,Seattle,WA,51587
Kyleigh,Doyle,557 Church St,Tacoma,WA,89265
Tatum,Mclaughlin,317 Cindy Cir,Sept-Iles,QC,69106
Amari,Rojas,835 Clam Av,Shenandoah Valley,VA,25714
Raquel,Rodgers,153 Clam Factory  Ln,Sheridan,WY,68399
Izabella,Stevenson,424 Cliff Rd,Show Low,AZ,06746
Lexi,Singh,625 Colburn Ln,Shreveport,LA,25734
Rosa,Yang,471 Common Dr,Sioux City,IA,54492
Viviana,Figueroa,402 Compass Cove Rd,Sioux Falls,SD,86796
Kassidy,Harmon,453 Corey Ln,Sitka,AK,12881
Marina,Newton,126 Cornell Ln,Smithers,BC,100449
Kamryn,Paul,873 Cottage Rd,South Bend,IN,82722
Haleigh,Manning,36 Country Club Rd,Spokane,WA,93870
Tiana,Garner,525 Courjon Rd,Springfield,IL,31495
Brittney,Mcgee,114 Cove Landing Rd,Springfield,MO,58213
Tabitha,Reese,936 Crooker Rd,St. Anthony,NL,62899
Sage,Francis,244 Cross Cove Rd,St. Cloud,MN,53212
Brooklynn,Burgess,639 Cross Rd,St. George,UT,69029
Ivy,Adkins,638 Crow Point Ln,St. John,NB,58225
Paulina,Goodman,178 Cunner Rock Rd,St. Johns,NL,75580
Noelle,Curry,775 Dakota Trl,St. Louis,MO,53866
Nayeli,Brady,983 Dallas Dr,State College,PA,28360
Virginia,Christensen,475 Day Rd,Steamboat Springs,CO,56490
Linda,Potter,402 Decker Reef Rd,Sudbury,ON,29396
Hallie,Walton,367 Deer Run Rd,Syracuse,NY,19639
Anahi,Goodwin,713 Deer Trail Dr,Tallahassee,FL,91553
India,Mullins,106 Delano Dr,Tampa,FL,60001
Jaiden,Molina,819 Desert Rock Dr,St. Petersburg,FL,27002
Skye,Webster,963 Dodge Rd,Telluride,CO,53282
Madisyn,Fischer,359 Donnas Wy,Terrace,BC,08746
Tania,Campos,775 Dover Cross Rd,Texarkana,AR,98929
Francesca,Avila,618 Dover Rd,Thief River Falls,MN,33405
Jenny,Sherman,458 E St,Thunder Bay,ON,96730
Elisabeth,Todd,627 Eagle Ridge Rd,Timmins,ON,93850
Kristin,Chang,801 East Brook Rd,Toledo,OH,10951
Carla,Blake,953 East Side Rd,Toronto,ON,67420
Gloria,Malone,76 East Tibbetts Rd,Traverse City,MI,57726
Alice,Wolf,398 Edgewater Wy,Tri-City Airport,TN,49842
Deanna,Hodges,833 Edwards Ln,Tucson,AZ,24214
Amya,Juarez,696 Elbow Rd North,Tulsa,OK,65433
Malia,Gill,829 Elbow Rd South,Tupelo,MS,01284
Alisha,Farmer,886 Emily Ln,Twin Falls,ID,26071
Carolyn,Hines,460 Enterprise St,Tyler,TX,58605
Jane,Gallagher,286 Ernest Egan Dr,Vail,CO,04294
Madyson,Duran,623 F St,Val D'Or,QC,09560
Pamela,Hubbard,254 Farnham Point Rd,Valdez,AK,46988
Teresa,Cannon,270 Farrins Dr,Valdosta,GA,28421
Itzel,Miranda,118 First St,Vancouver,BC,07199
Phoebe,Wang,683 Firth Dr,Victoria,BC,10703
Baylee,Saunders,679 Fish Hawk Hill Rd,Victoria,TX,20249
Cora,Tate,637 Flint Ln,Wabush,NL,02203
Ainsley,Mack,13 Flos Ln,Waco,TX,69514
Alyson,Hammond,811 Forest Haven Rd,Walla Walla,WA,19689
Kaitlynn,Carrillo,620 Formosa Ln,Washington,DC,77799
Laci,Townsend,535 Fort Island Rd,Waterloo,IA,32373
Krista,Wise,231 Four Wheel Dr,Watertown,NY,91804
Kaylin,Ingram,703 Fox Loop,Watertown,SD,32629
Dominique,Barton,300 Gaecklein Rd,Wausau,WI,100621
Ellen,Mejia,497 Gall Rock Rd,Wenatchee,WA,34258
Whitney,Ayala,41 Garden Rail Wy,West Palm Beach,FL,28301
Emilie,Schroeder,306 Georges Rd,Westchester County,NY,08831
Kiera,Hampton,65 Giles Rd,Whitehorse,YT,78836
Taryn,Rowe,246 Goddard Point Rd,Wichita Falls,TX,82151
Regan,Parsons,113 Goldenrod Ln,Wichita,KS,73409
Kaleigh,Frank,288 Gramps Camp Rd,Wilkes-Barre,PA,62058
Valentina,Waters,845 Gray Rd,Scranton,PA,05132
Samara,Strickland,824 Great Oak Ln,Williams Lake,BC,67922
Justice,Osborne,265 Green Landing Rd,Williamsport,PA,05566
Renee,Maxwell,774 Greenleaf Rd,Williston,ND,77380
Karissa,Chan,596 Grimes Av,Wilmington,NC,71680
Carissa,Deleon,901 Grove St,Windsor,ON,02860
Monique,Norman,795 Hamilton Gdns,Winnipeg,MB,86287
Tamia,Harrington,590 Haney Rd,Worland,WY,30824
Gina,Casey,740 Hardwick Rd,Yakima,WA,47473
Joselyn,Patton,985 Hatch Farm Rd,Yellowknife,NT,60976
Sarai,Logan,566 Heron Cv,Yuma,AZ,27728
Elaina,Bowers,942 Hiawathia Trl,Abbotsford,BC,97753
Cheyanne,Mueller,617 Hidden Ridge Ln,Aberdeen,SD,18267
Gillian,Glover,540 Higbee Ln,Abilene,TX,32885
Jaqueline,Floyd,439 High Fields Rd,Akron,OH,99973
Lucia,Hartman,388 High St,Canton,OH,86692
Destinee,Buchanan,701 Highland Ridge Rd,Alamosa,CO,27104
Mckayla,Cobb,144 Hillside Pl,Albany,GA,93093
Macie,French,795 Hodgdon Ln,Albany,NY,80298
Yasmine,Kramer,392 Holbrook Rd,Albuquerque,NM,96624
Ashton,Mccormick,340 Huff Rd,Alexandria,LA,90419
Jessie,Clarke,618 Humdinger Rd,Allentown,PA,08971
Abbey,Tyler,496 Ice Pond Rd,Bethlehem,PA,25130
Nyla,Gibbs,678 Indian Hill Rd,Easton,PA,03149
Cadence,Moody,334 Indian Path,Alliance,NE,24599
Ryleigh,Conner,106 Industrial Park Rd,Alpena,MI,44233
Isabela,Sparks,244 Inlet Trl,Altoona,PA,55877
Tia,Mcguire,966 Island View Rd,Amarillo,TX,63587
Alanna,Leon,758 Isle Of Springs Rd,Anchorage,AK,06519
Janelle,Bauer,72 Jabberwock Ln,Appleton,WI,66763
Anika,Norton,373 Jacobs Lndg,Asheville,NC,14411
Ryan,Pope,610 Jason Cir,Aspen,CO,01264
Anya,Flynn,239 Kelly Brook Rd,Athens,GA,83113
Martha,Hogan,629 Kent Rd,Atlanta,GA,56392
Kiersten,Robles,71 Kimball Ln,Atlantic City,NJ,72558
Hailie,Salinas,44 Kimballtown Rd,Augusta,GA,55126
Meagan,Yates,639 King Phillips Trl,Augusta,ME,79809
Dulce,Lindsey,955 Knickerbocker Rd,Austin,TX,41370
Joy,Lloyd,236 Knickerkane Rd,Bagotville,QC,98006
Miracle,Marsh,865 Landing Rd,Baie Comeau,QC,07216
Kailee,Mcbride,99 Leavitt Rd,Bakersfield,CA,01525
Tamara,Owen,298 Ledgewood Dr,Baltimore,MD,71856
Marie,Solis,13 Leighton Ln,Bangor,ME,90902
Fernanda,Pham,853 Lewis Ln,Bar Harbor,ME,16162
Kaley,Lang,945 Lincoln St,Barrow,AK,74756
Lana,Pratt,441 Linden Ln,Bathurst,NB,64305
Lena,Lara,535 Lindsay Rd,Baton Rouge,LA,44006
Dylan,Brock,636 Linekin Landing Rd,Beaumont,TX,14249
Liberty,Ballard,389 Little Pond Rd,Port Arthur,TX,15914
Trista,Trujillo,325 Little River Ln,Beckley,WV,54782
Cara,Shaffer,161 Lobstermans Wy,Bellingham,WA,74976
Deja,Drake,258 Long Ledge Rd,Bemidji,MN,44046
Emilia,Roman,379 Lookout Dr,Bethel,AK,64740
Katlyn,Aguirre,664 Lu Yu Tea Ln,Billings,MT,44524
Janet,Morton,978 Lukes Gulch,Binghamton,NY,25480
Maddison,Stokes,529 Madison Rd,Birmingham,AL,47463
America,Lamb,51 Marble Ledge Dr,Bismarck,ND,24971
Gisselle,Pacheco,625 Marden Rd,Blanc Sablon,QC,80639
Marlene,Patrick,407 Marston Rd,Bloomington,IL,12859
Elisa,Cochran,373 Mary Anne Rd,Bluefield,WV,54190
Susan,Shepherd,35 Mass Av,Boise,ID,86662
Ximena,Cain,347 Massasoit Rd,Boston,MA,95601
Abbigail,Burnett,922 Mathias Dr,Bozeman,MT,64486
Johanna,Hess,621 Matthews Rd,Bradford,PA,40856
Mayra,Li,870 McCobb Rd,Brainerd,MN,53782
Helena,Cervantes,429 McDonald Ln,Brownsville,TX,95525
Athena,Olsen,830 McKown Rd,Brunswick,GA,73271
Larissa,Briggs,719 Meadow Cove Rd,Buffalo,NY,44378
Jimena,Ochoa,682 Meadowbrook Woods,Burbank,CA,67165
Sharon,Cabrera,887 Merry Ln,Burlington,IA,36781
Nataly,Velasquez,911 Merryweather Ln,Burlington,VT,80572
Estrella,Montoya,840 Merton Wy,Butte,MT,30305
Precious,Roth,680 Middle Rd,Calgary,AB,43077
Abbie,Meyers,395 Moose Ridge Crsg,Campbell River,BC,43815
Jacquelyn,Cardenas,462 Mudflat Aly North,Cape Girardeau,MO,66469
Carley,Fuentes,728 Mudflat Aly South,Casper,WY,36851
Willow,Weiss,172 Murray Hill Rd,Castlegar,BC,07328
Charity,Hoover,575 Murrhy Rd,Cedar City,UT,56127
Kasey,Wilkins,74 My Wy,Cedar Rapids,IA,36972
Aileen,Nicholson,718 Narrow Ridge Rd,Iowa City,IA,71341
Kierra,Underwood,172 Nason Rd,Chadron,NE,30906
Jaelyn,Short,990 Neighba Ln,Champaign,IL,28043
Mikaela,Carson,706 Nichols Rd,Charleston,SC,90368
Angelique,Morrow,221 Nickerson Pond Rd,Charleston,WV,16988
Julianne,Colon,221 Northern Dr,Charlotte,NC,41031
Madilyn,Holloway,445 Oak Hill Rd,Charlottesville,VA,39192
Araceli,Summers,183 Oakwood Ln,Charlottetown,PE,90252
Anaya,Bryan,242 Ocean Point Rd,Chattanooga,TN,29669
Kaya,Petersen,736 Ocean Ridge Dr,Cheyenne,WY,85421
Raegan,Mckenzie,593 Ocean View Pl,Chibougamau,QC,44491
Madelynn,Serrano,863 Ojibwa Trl,Chicago,IL,45191
Sonia,Wilcox,361 Old Pier Rd,Chico,CA,44203
Lorena,Carey,924 Old Trevett Rd,Cincinnati,OH,03010
Sydnee,Clayton,210 Old Wharf Rd,Clarksburg,WV,27081
Simone,Poole,44 Ovens Mouth Ln,Cleveland,OH,77442
Janiya,Calderon,699 Page Ln,Clovis,NM,97238
Marilyn,Gallegos,653 Paradise Point Rd,Cody,WY,15777
Maia,Greer,428 Park St,College Station,TX,58582
Cassie,Rivas,939 Partridge Rd,Colorado Springs,CO,34298
Kailyn,Guerra,278 Pasture Ln,Columbia,MO,07738
Maci,Decker,99 Peaceful Acres Dr,Columbia,SC,13152
Luz,Collier,243 Peaslee Rd,Columbus,GA,14949
Nathalie,Wall,407 Pension Ridge Rd,Columbus,OH,65976
Ann,Whitaker,713 Pine Island Rd,Columbus,MS,74122
Elle,Bass,629 Pine Tree Ln,Starkville,MS,31527
Eve,Flowers,520 Pine View Ridge Rd,West Point,MS,80041
Macey,Davenport,206 Pine Woods Rd,Comox,BC,44976
Sylvia,Conley,683 Pinkham Ln,Cordova,AK,18920
Lila,Houston,28 Pleasant Cove Rd,Corpus Christi,TX,46816
Maritza,Huff,668 Pleasant Point Dr,Cortez,CO,12092
Laney,Copeland,180 Pleasant View Ln,Cranbrook,BC,70487
Lilian,Hood,759 Pocahontas Trl,Crescent City,CA,61180
Theresa,Monroe,740 Poore Rd,Dallas,TX,09519
Tess,Massey,343 Porcupine Pt,Fort Worth,TX,41075
Aspen,Roberson,595 Porter Point Rd,Dayton,OH,22762
Melany,Combs,181 Pothole Ln,Daytona Beach,FL,55810
Janae,Franco,53 Presley Dr,Decatur,IL,51543
Kali,Larsen,494 Pumphouse Rd,Deer Lake,NL,10060
Reyna,Pittman,684 Quarry Ln,Del Rio,TX,89766
Carlie,Randall,392 Railroad Av,Denver,CO,53319
Kaila,Skinner,832 Rays Ln,Des Moines,IA,36393
Aracely,Wilkinson,855 Reed Ln,Detroit,MI,68609
Isis,Kirby,415 Rice Rd,Devils Lake,ND,85250
Lexie,Cameron,759 Ridge Rd,Dickinson,ND,06222
Hayden,Bridges,533 Rittall Rd,Dillingham,AK,26666
Cristal,Anthony,738 River Bend Dr,Dodge City,KS,88213
Frances,Richard,807 River Rd,Dothan,AL,95230
Irene,Kirk,755 River View Dr,Dubois,PA,72769
Marley,Bruce,329 Roberts Rd,Dubuque,IA,41802
Aimee,Singleton,86 Rock Lobster Rd,Duluth,MN,67782
Rhiannon,Mathis,385 Rollins Hale Dr,Superior,MN,75725
Kenya,Bradford,548 Royall Rd,Durango,CO,51105
Arielle,Boone,404 Ruff Wave Dr,Eau Claire,WI,21573
Alessandra,Abbott,884 Ryder Trl,Edmonton,AB,44803
Janessa,Charles,218 Ryefield Pt,El Centro,CA,74998
Justine,Allison,152 Salt Meadow Ln,Imperial,CA,83533
Haylie,Sweeney,100 Salter Ln,El Paso,TX,63381
Brielle,Atkinson,28 Samoset Rd,Elko,NV,04457
Harmony,Horn,24 Samoset Trl,Elmira,NY,86949
Jazlyn,Jefferson,681 Sand Dollar Ln,Corning,NY,33673
Kelsie,Rosales,358 Sawyers Island Rd,Enid,OK,37089
Haven,York,755 School St,Erie,PA,84843
Jaclyn,Christian,809 Schooner Ridge Rd,Escanaba,MI,83088
Violet,Phelps,498 Sea Ledge Wood Rd,Eugene,OR,45082
Gwendolyn,Farrell,179 Sea Mist Dr North,Eureka,CA,95875
Daphne,Castaneda,358 Sea Mist Dr South,Arcata,CA,11874
Tanya,Nash,144 Sea Surf Rd,Evansville,IN,18700
Yadira,Dickerson,814 Seascape Dr,Fairbanks,AK,81103
Brandy,Bond,328 Second St,Fargo,ND,02141
Thalia,Wyatt,301 Shackletons Wy,Farmington,NM,35150
Arely,Foley,990 Sheepscot Shores Rd,Fayetteville,AR,39367
Juliet,Chase,213 Sherman Cove Rd,Fayetteville,NC,98342
Tyler,Gates,583 Shore Rd,Flint,MI,70647
Lesley,Vincent,94 Short St,Florence,SC,81000
Mariela,Mathews,908 Skylers Wy,Franklin,PA,69919
Melina,Hodge,107 South Ledge Rd,Fredericton,NB,08071
Brandi,Garrison,241 Spar Shed Ln,Fresno,CA,27470
Zoie,Trevino,493 Spike Horn Dr,Ft. Dodge,IA,74536
Tiara,Villarreal,671 Spindletree Rd,Ft. Huachuca,AZ,65894
Aisha,Heath,854 Spofford Ln,Sierra Vista,AZ,06983
Elaine,Dalton,612 Spring St,Ft. Lauderdale,FL,50753
Jaida,Valencia,830 Sproul Ln,Ft. Leonard Wood,MO,36254
Bailee,Callahan,13 Spruce Dr,Ft. McMurray,AB,08667
Deborah,Hensley,301 Spruce Shores Rd,Ft. Myers,FL,67165
Delilah,Atkins,666 Spyglass Hill Rd,Ft. Smith,AR,38322
Kaelyn,Huffman,247 Steves Rd,Ft. St John,BC,29888
Noemi,Roy,787 Stone Cove Rd,Ft. Walton Beach,FL,98072
Tianna,Boyer,864 Stone Point Ln,Ft. Wayne,IN,51782
Keira,Shields,309 Stone Wharf Rd,Gainesville,FL,30021
Lola,Lin,596 Storage Ln,Garden City,KS,25018
Kaia,Hancock,857 Stover Rd,Gaspe,QC,86750
Felicity,Grimes,264 Sunny Acres Ln,Gillette,WY,15454
Rebeca,Glenn,478 Sunrise Rd,Goose Bay,NL,45284
Yazmin,Cline,560 Sunset Rock Rd,Grand Canyon,AZ,25970
Barbara,Delacruz,805 Tamarack Trl,Grand Forks,ND,13284
Teagan,Camacho,235 Tavenner Rd,Grand Island,NE,23539
Colleen,Dillon,341 Tecumseh Trl,Grand Junction,CO,10140
Skyla,Parrish,844 Tharpe Ln,Grand Rapids,MI,49061
Shyanne,Oneill,924 The Ledges,Grande Prairie,AB,76309
Judith,Melton,587 Thistle Ln,Great Bend,KS,89274
Mariam,Booth,530 Thods Rd,Great Falls,MT,93038
Adrienne,Kane,744 Tidewater Dr,Green Bay,WI,50772
Lillie,Berg,591 Timber Holw,Greenbrier,WV,41836
Regina,Harrell,477 Timber Pine Ln,Greensboro,NC,41275
Savanah,Pitts,802 Timber Pine Narrows,High Point,NC,92825
Mara,Savage,124 Tool Rd,Winston Salem,NC,59183
Alma,Wiggins,530 Townline Rd,Greenville,MS,18804
Aubree,Brennan,857 Townsend Ln,Greenville,NC,41296
Kennedi,Salas,629 Trevett Rd,Greenville,SC,56613
Joyce,Marks,585 Tri Cove Ln,Spartanburg,SC,69602
Clare,Russo,80 Twin Cove Rd,Gulfport,MS,86120
Hana,Sawyer,875 Two Rivers Ln,Biloxi,MS,16359
Kaylyn,Baxter,436 Two Sisters Ln,Gunnison,CO,60196
Zaria,Golden,360 Valley Rd,Hagerstown,MD,20337
Fabiola,Hutchinson,682 Van Horn Rd,Halifax,NS,74114
Karlee,Liu,84 Virginia St,Hancock,MI,21522
Sienna,Walter,921 Walker Rd,Harlingen,TX,05906
Carina,Mcdowell,614 Wall St,Harrisburg,PA,18421
Jaylin,Wiley,902 Waterfront Ln North,Hartford,CT,59951
Stacy,Rich,165 Waterfront Ln South,Hays,KS,96497
Amara,Humphrey,782 Waters Edge,Helena,MT,22843
Paula,Johns,556 West Side Rd,Hibbing,MN,11206
Tatyana,Koch,716 West St D1,Chisholm,MN,10052
Celia,Suarez,738 West Tibbetts Rd,Hilo,HI,76120
Maeve,Hobbs,591 Western Ledge Rd,Hilton Head Island,SC,82352
Frida,Beard,919 Westwind Dr,Honolulu,HI,70744
Mollie,Gilmore,724 Whale Rock Rd,Hoolehua,HI,98679
Alena,Ibarra,463 Wharf Rd,Houston,TX,55699
Laurel,Keith,828 Whipporwill Dr,Huntington,WV,65418
Lia,Macias,48 White Tail Trl,Huntsville,AL,84652
Presley,Khan,843 Wigwam Trl,Decatur,AL,50915
Halie,Andrade,802 Wildcat Creek Rd,Hyannis,MA,53437
Adeline,Ware,46 Wilde Pl,Idaho Falls,ID,72619
Dayana,Stephenson,538 Wilderness Dr,Iles de la Madeleine,QC,90598
Kenzie,Henson,789 Willow Rdg,Indianapolis,IN,36637
Jamya,Wilkerson,500 Winding Ln,International Falls,MN,96941
Lea,Dyer,275 Windrush Ln,Inyokern,CA,58381
Esperanza,Mcclure,954 Windward Ln,Iron Mountain,MI,45337
Rosemary,Blackwell,252 Wiscasset Rd,Ironwood,MI,93303
Aria,Mercado,413 Wohseepee Wy,Ithaca,NY,33222
Taliyah,Tanner,133 Wolf Rd,Jackson,MS,49940
Corinne,Eaton,328 Woodshed Ln,Jackson,TN,09769
Emmalee,Clay,990 Yankee Wy,Jackson,WY,24061
Quinn,Barron,915 Anchor Wy,Jacksonville,FL,97157
Stephany,Beasley,244 Andrews Dr,Jacksonville,NC,12787
Eileen,Oneal,626 Appleton Rd,Jamestown,ND,44243
Shaniya,Preston,909 Back Door Rd,Jamestown,NY,01364
Hazel,Small,287 Bakers Rd,Johnstown,PA,57652
Ally,Wu,476 Bay Shore Rd,Joplin,MO,99264
Edith,Zamora,983 Bayview Dr,Juneau,AK,84325
Jazmyn,Macdonald,815 Boatyard Rd,Kahului,HI,14199
Lara,Vance,4 Bonyun Rd,Kalamazoo,MI,92904
Lyric,Snow,569 Bradley Rd,Kalispell,MT,74648
Taniya,Mcclain,407 Bridge Rd,Kamloops,BC,52029
Ansley,Stafford,238 Brooks Cove Rd,Kansas City,MO,49434
Carlee,Orozco,644 Burnell Rd,Kapalua,HI,32530
Princess,Barry,495 Castle Ln,Kearney,NE,57716
Breana,English,260 Chase Dr,Kelowna,BC,08636
Chelsey,Shannon,930 Colby Rd,Kenai,AK,65775
Juliette,Kline,49 Cove Side Wy,Ketchikan,AK,44391
Salma,Jacobson,470 Cromwell Rd,Key West,FL,50153
Alisa,Woodard,988 Crooker Rd,Killeen,TX,87857
Ingrid,Huang,802 Dewey's  Wy,Kingston,ON,53689
Tina,Kemp,309 Doggett Rd,Kinston,NC,32895
Amira,Mosley,954 Dunn Dr,Kirksville,MO,09701
Leticia,Prince,974 East Shore Rd,Kitchener,ON,62279
Nya,Merritt,986 Edwin Dr,Waterloo,ON,09899
Felicia,Hurst,759 Eloise Dr,Klamath Falls,OR,64166
Jolie,Villanueva,416 Evergreen Ln,Knoxville,TN,62252
Karlie,Roach,87 Ferry Rd,Kodiak,AK,61959
Kayley,Nolan,247 Fowles Point Rd,Kona,HI,04791
Greta,Lam,779 Fox Run Rd,Kotzebue,AK,02836
Tyra,Yoder,957 Goose Rock Rd,La Crosse,WI,07334
Blanca,Mccullough,472 Greenleaf Rd,Lafayette,LA,62295
Kendal,Lester,621 Harrimans Point Rd,Lake Charles,LA,54065
Penelope,Santana,844 Haskell Rd,Lake Havasu City,AZ,05715
Annabella,Valenzuela,561 Heron Wy,Lanai City,HI,86198
Hadley,Winters,166 Hidden Rd,Lancaster,PA,31979
Katharine,Barrera,809 Hodgdon Rd,Lansing,MI,99756
Ayana,Leach,552 Hopkins Rd,Laramie,WY,36721
Keely,Orr,464 Howard Rd,Laredo,TX,93790
Amani,Berger,709 Ironsides Dr,Las Vegas,NV,20518
Micah,Mckee,874 Jay's Ln,Latrobe,PA,32578
Myah,Strong,688 Jeremysquam Wy,Laurel,MS,29164
Dayanara,Conway,41 Jewett Cove Rd,Hattiesburg,MS,45303
Annalise,Stein,514 Johnson Ln,Lawton,OK,39238
Lizeth,Whitehead,530 Junction Rd,Lebanon,NH,41052
Giovanna,Bullock,91 Kehail Point Rd,Lethbridge,AB,07108
Leanna,Escobar,40 Knubble Bay Rd,Lewiston,ID,34631
Liana,Knox,668 Leblanc Rd,Lexington,KY,71084
Jenifer,Meadows,51 Ledge Hill Ln,Liberal,KS,86268
Jalyn,Solomon,886 Lester Rd,Lihue,HI,38977
Brisa,Velez,326 Lewis Dr,Lincoln,NE,39049
Elsa,Odonnell,493 Log Cabin Rd,Little Rock,AR,31356
Tayler,Kerr,565 Lois Ln,London,ON,84740
Abigayle,Stout,202 Long Cove Wy,Long Beach,CA,72107
Janiyah,Blankenship,848 Loranz Rd,Long Island MacArthur,NY,27349
Antonia,Browning,523 Lord Rd,Longview,TX,16735
Toni,Kent,524 Lucky Ln,Los Angeles,CA,22318
Aiyana,Lozano,65 Main Rd,Louisville,KY,92819
Lisbeth,Bartlett,381 McCarty Cove Rd,Lubbock,TX,98033
Alanis,Pruitt,245 Metzger Dr,Lynchburg,VA,77242
Cayla,Buck,30 Moose Wlk,Macon,GA,06661
Elyse,Barr,678 Mulhall Rd,Madison,WI,11343
Jewel,Gaines,600 Murray Dr,Manchester,NH,80057
Shakira,Durham,28 North End Rd,Manhattan,KS,56626
Chasity,Gentry,553 Oak Point Rd,Manistee,MI,78047
Kaylynn,Mcintyre,369 Oak Run Rd,Marion,IL,08029
Anissa,Sloan,614 Old Pier Ln,Marquette,MI,62797
Mattie,Melendez,889 Old Woods Rd,Mason City,IA,08379
Aryanna,Rocha,299 Osprey Wy,Massena,NY,92199
Cecelia,Herman,668 Otter Ln,McAllen,TX,02445
Micaela,Sexton,633 Palmer Rd,McCook,NE,19289
Candace,Moon,341 Parsons Rd,Medford,OR,10963
Evelin,Hendricks,956 Peters Cove Ln,Medicine Hat,AB,27464
Carrie,Rangel,718 Pettey Rd,Melbourne,FL,06247
Nichole,Stark,483 Pierce Rd,Memphis,TN,34058
Catalina,Lowery,32 Pine Hill Rd,Meridian,MS,21625
Annette,Hardin,661 Plummer Rd,Miami,FL,05639
Dalia,Hull,9 Porcupine Ln,Midland,TX,35115
Ebony,Sellers,591 Post Office Rd,Odessa,TX,30800
Gia,Ellison,297 Ratcliffe Rd,Milwaukee,WI,25611
Stacey,Calhoun,580 Ravens Vw,Minneapolis,MN,17751
Essence,Gillespie,441 Red Gate Ln,St Paul,MN,22763
Kayli,Mora,313 Ridge View Ln,Minot,ND,78890
Marianna,Knapp,351 River Rd,Missoula,MT,30721
Gretchen,Mccall,615 Rocky Rd,Mobile,AL,29192
Joana,Morse,531 Rum Cove Rd,Modesto,CA,19341
Devon,Dorsey,589 Schulze Dr,Moline,IL,36294
Lilliana,Weeks,226 Shaw Rd,Moncton,NB,21427
Scarlett,Nielsen,630 Sortwell Rd,Monroe,LA,86766
Aliya,Livingston,927 Spruce Ln,Mont Joli,QC,43847
Shirley,Leblanc,132 Squire Ct,Monterey,CA,76350
Hunter,Mclean,313 Strawberry Hill Rd,Montgomery,AL,61451
Noelia,Bradshaw,341 Tarbox Rd,Montreal,QC,45097
Meadow,Glass,412 Tarbox2 Rd,Montrose,CO,51827
Samira,Middleton,996 Taylor Rd,Morgantown,WV,51688
Alize,Buckley,721 Weatherstone Dr,Moses Lake,WA,22627
Kenia,Schaefer,343 West Shore Rd,Muscle Shoals,AL,52450
Donna,Frost,423 White Tail  Run,Muskegon,MI,02223
Ericka,Howe,231 Willis Point Rd,Myrtle Beach,SC,01738
Desirae,House,566 Wright Rd,Nanaimo,BC,97937
Joslyn,Mcintosh,358 Nobleboro,Nantucket,MA,50356
Shaylee,Ho,864 Acorn Dr,Naples,FL,76050
Taniyah,Pennington,979 Alpine Dr,Nashville,TN,46117
Yuliana,Reilly,457 Artesian Rd,New Bern,NC,13492
Karli,Hebert,687 Azalea Rd,New Haven,CT,61173
Kaliyah,Mcfarland,673 Back Meadow Rd,New Orleans,LA,61611
Kelli,Hickman,42 Baldwin Rd,New York,NY,50442
Shea,Noble,318 Ball Rd,Newburgh,NY,89224
Yvette,Spears,91 Balsam Ln,Newport News,VA,52143
Emerson,Conrad,523 Barnard Dr,Nome,AK,45075
Chaya,Arias,647 Bay Point Rd,Norfolk,VA,08629
Iliana,Galvan,841 Bayview Rd,Virginia Beach,VA,72953
Jakayla,Velazquez,311 Belvedere Rd,Williamsburg,VA,01463
Maura,Huynh,478 Benner Ln,North Bay,ON,07174
Ryann,Frederick,601 Bennett Rd,North Bend,OR,14133
Cali,Randolph,317 Bent Ln,North Platte,NE,36335
Celine,Cantu,229 Bertrum Pl,Oakland,CA,05000
Sydni,Fitzpatrick,461 Blackberry Ln,Ogdensburg,NY,39468
Aleah,Mahoney,557 Boot Hill Rd,Oklahoma City,OK,37658
Shreya,Peck,208 Borland Hill Rd,Omaha,NE,68894
Ayla,Villa,499 Bremen Rd,Ontario,CA,70138
Shayna,Michael,60 Brightree Rd,Orange County,CA,72244
Sheila,Donovan,443 Brook Dr,Orlando,FL,23160
Galilea,Mcconnell,662 Brown Rd,Ottawa,ON,05684
Jaylynn,Walls,697 Bryant Rd,Owensboro,KY,82669
London,Boyle,184 Burma Rd,Oxnard,CA,27221
Abigale,Mayer,667 Cabin Dr,Ventura,CA,07895
Casandra,Zuniga,577 Campground Rd,Paducah,KY,91474
Kathy,Giles,889 Carols Cv,Palm Springs,CA,17580
Raina,Pineda,721 Causeway Dr,Panama City,FL,08670
Danna,Pace,608 Cedar Ln,Parkersburg,WV,62885
Devin,Hurley,706 Center St,Marietta,WV,08659
Kaiya,Mays,367 Chadwick Rdg,Pasco,WA,95249
Parker,Mcmillan,870 Chapman Rd,Pellston,MI,76412
Sanaa,Crosby,82 Charlotte Ln,Pendleton,OR,54255
Karly,Ayers,582 Checkerberry Rd,Pensacola,FL,15069
Kaylah,Case,656 Chickering Rd,Penticton,BC,88347
Kianna,Bentley,797 Churchill Dr,Peoria,IL,40533
Shyann,Shepard,418 Cohen Rd,Petersburg,AK,07099
Nyah,Everett,160 Connector Rd,Philadelphia,PA,30276
Lacie,Pugh,799 Corduroy Rd,Phoenix,AZ,01103
Moriah,David,349 Cottage Rd,Pierre,SD,56849
Norah,Mcmahon,942 Cramer Rd,Pittsburgh,PA,24911
Tracy,Dunlap,287 Crescent Cove Rd,Plattsburgh,NY,50533
Nikki,Bender,337 Cushman Rd,Pocatello,ID,47534
Amiya,Hahn,274 Deep Cove Rd,Ponca City,OK,13612
Christian,Harding,620 Deer Farm Rd,Portland,ME,65057
Johana,Acevedo,300 Depot St,Portland,OR,10012
Maliyah,Raymond,770 Duck Puddle Rd,Prescott,AZ,69095
Kenna,Blackburn,932 Eagle View Ln,Presque Isle,ME,33895
Makena,Duffy,947 East  Edge Rd,Prince George,BC,18988
Montana,Landry,922 East Neck Rd,Prince Rupert,BC,91897
Margarita,Dougherty,553 East Pond Rd,Providence,RI,43264
Kasandra,Bautista,565 Echo Hill Rd,Pueblo,CO,09324
Lacy,Shah,613 Eugley Hill Rd,Pullman,WA,10415
Kacie,Potts,218 Evergreen Estates Rd,Quebec,QC,34800
Kya,Arroyo,678 Fern Cove Rd,Quesnel,BC,80506
Yahaira,Valentine,741 Ferry Rd,Quincy,IL,67352
Damaris,Meza,682 Fondy Rd,Raleigh,NC,09341
Katarina,Gould,545 Four Seasons Dr,Durham,NC,92545
Monserrat,Vaughan,620 Fox Run Rd,Rankin Inlet,NU,18393
Rayna,Fry,804 Gator Ln,Rapid City,SD,47137
Rocio,Rush,534 Giberson Ln,Redding,CA,30143
Sandy,Avery,793 Glendon Dr,Redmond,OR,10369
Litzy,Herring,282 Greenbrier Rd,Regina,SK,94988
Maribel,Dodson,691 Hackberry Rd,Reno,NV,81221
Arlene,Clements,633 Hall Point Rd,Rhinelander,WI,35994
Karley,Sampson,697 Harriet House Rd,Richmond,VA,08810
Lizette,Tapia,3 Hatch Cove Rd,Riverton,WY,88444
Areli,Bean,455 Heath Rd,Roanoke,VA,86419
Dorothy,Lynn,999 Hemlock Dr,Roberval,QC,63187
Jacey,Crane,306 Henny Rd,Rochester,MN,16365
Jasmyn,Farley,597 Hidden Valley Ln,Rochester,NY,78388
Savana,Cisneros,899 Hill Top Rd,Rock Springs,WY,32382
Estefania,Benton,462 Homestead Ln,Rockland,ME,63880
Graciela,Ashley,263 Hutchings Rd,Rouyn-Noranda,QC,50054
Aliza,Mckay,231 Ice Palace Ln,Rutland,VT,86858
Jaidyn,Finley,928 Indian Point Rd,Sacramento,CA,68446
Madisen,Best,901 Indigo Rd,Saginaw,MI,64834
Paloma,Blevins,879 Isabelle Ln,Salina,KS,87787
Berenice,Friedman,315 Island View Dr,Salisbury-Ocean City,MD,73715
Ciera,Moses,404 James Hall Rd,Salt Lake City,UT,54600
Elissa,Sosa,45 Jared Rd,San Angelo,TX,21228
Aubrie,Blanchard,667 Jones Point Rd,San Antonio,TX,09069
Alysa,Huber,875 Juniper Ln,San Diego,CA,56691
Bria,Frye,589 Kennedy Cottage Rd,San Francisco,CA,71077
Carli,Krueger,647 Kieve Rd,San Jose,CA,93571
Jaylene,Bernard,318 Knoll Crest Rd,San Luis Obispo,CA,76434
Amelie,Rosario,591 Ladds Hill Rd,Sandspit,BC,64475
Ashly,Rubio,448 Lady Slipper Ln,Santa Barbara,CA,51778
Alia,Mullen,444 Lake View Dr,Santa Fe,NM,61429
Annabel,Benjamin,310 Lavway Rd,Santa Maria,CA,12832
Miah,Haley,261 Lazy Acres Ln,Saranac Lake,NY,24467
Susana,Chung,843 Learning Center Rd,Sarasota,FL,65896
Calista,Moyer,76 Ledgey Acres Ln,Bradenton,FL,92736
Carol,Choi,422 Lester Rd,Sarnia,ON,80762
Devyn,Horne,698 Lily Dr,Saskatoon,SK,21399
Giana,Yu,251 Lincoln St,Sault Ste Marie,MI,89637
Jaycee,Woodward,94 Little Ln,Sault Ste Marie,ON,75227
Marlee,Ali,581 Loch Erin Rd,Savannah,GA,34024
Carson,Nixon,572 Long Point Cv,Scottsbluff,NE,32819
Reilly,Hayden,818 Lower Burma Rd,Seattle,WA,85214
Amina,Rivers,254 Lower Cross Rd,Tacoma,WA,100901
Mireya,Estes,703 Main St,Sept-Iles,QC,63582
Kadence,Mccarty,786 Mallard Rd,Shenandoah Valley,VA,20904
Patience,Richmond,176 Maple Dr,Sheridan,WY,59897
Brianne,Stuart,652 Mapleridge Rd,Show Low,AZ,18615
Camilla,Maynard,605 McClintick Dr,Shreveport,LA,28713
Jaliyah,Brandt,667 McNeil Rd,Sioux City,IA,07202
Luna,Oconnell,77 Meadow Lake Rd,Sioux Falls,SD,68268
Madalynn,Hanna,937 Merton Rd,Sitka,AK,39585
Abagail,Sanford,579 Milky Way Rd,Smithers,BC,76885
Lexus,Sheppard,147 Mill Stream Ln,South Bend,IN,85690
Yoselin,Church,393 Moody's Island Rd,Spokane,WA,44250
Destiney,Burch,533 Morang Cove Rd,Springfield,IL,06885
Ashtyn,Levy,39 Morgan Hill Rd,Springfield,MO,77152
Destini,Rasmussen,660 Mountain Rd,St. Anthony,NL,64575
Jackeline,Coffey,80 Mulligan Ln,St. Cloud,MN,53207
Reina,Ponce,796 Narrows Rd,St. George,UT,75113
Joelle,Faulkner,25 Nash Rd,St. John,NB,19403
Katelin,Donaldson,521 Nobleboro Woods Rd,St. Johns,NL,35684
Sky,Schmitt,597 Northeast Ln,St. Louis,MO,51074
Sydnie,Novak,519 Old County Rd,State College,PA,66506
Yareli,Costa,19 Old Farm Rd,Steamboat Springs,CO,65013
Belen,Montes,342 Oliver Woods Rd,Sudbury,ON,57211
Jaime,Booker,818 Oyster Creek Ln,Syracuse,NY,60943
Nicolette,Cordova,950 Paine Rd,Tallahassee,FL,18121
Rachelle,Waller,526 Palmer Hill Rd,Tampa,FL,72868
Lina,Arellano,939 Partridge Ln,St. Petersburg,FL,11710
Lyndsey,Maddox,281 Pepper Rd,Telluride,CO,49778
Tierra,Mata,875 Percy Cove Rd,Terrace,BC,74705
Christa,Bonilla,166 Pilot Cir,Texarkana,AR,44335
Jalynn,Stanton,223 Pine Ridge Dr,Thief River Falls,MN,40353
Janice,Compton,75 Potter Point Rd,Thunder Bay,ON,25582
Journey,Kaufman,458 Prior Rd,Timmins,ON,47773
Sarahi,Dudley,683 Quail Ln,Toledo,OH,09259
Robyn,Mcpherson,865 Raspberry Ln,Toronto,ON,54166
Amiyah,Beltran,970 Reed Ln,Traverse City,MI,93941
Diane,Dickson,188 Rideout Rd,Tri-City Airport,TN,71560
Magdalena,Mccann,286 Roberts Rd,Tucson,AZ,40936
Tamya,Villegas,762 Sand Hill Dr,Tulsa,OK,38552
Anais,Proctor,332 Sandy Point Rd,Tupelo,MS,78822
Candice,Hester,235 Schaff Rd,Twin Falls,ID,44144
Kallie,Cantrell,900 School St,Tyler,TX,90968
Sherlyn,Daugherty,823 Sellman Ln,Vail,CO,51253
Beatriz,Cherry,103 Shore Rd,Val D'Or,QC,48332
Christiana,Bray,672 Sidelinger Rd,Valdez,AK,97527
Marlen,Davila,594 Smalley Rd,Valdosta,GA,80201
Natalee,Rowland,74 Smith Baltes Shrs,Vancouver,BC,71184
Saige,Levine,83 Snackerty Rd,Victoria,BC,60143
Angeles,Madden,744 Snow Rd,Victoria,TX,62199
Campbell,Spence,221 Fox Run Rd,Wabush,NL,36044
Elyssa,Good,399 Gator Ln,Waco,TX,74474
Isabell,Irwin,449 Giberson Ln,Walla Walla,WA,77073
Keyla,Werner,997 Glendon Dr,Washington,DC,95059
Libby,Krause,564 Greenbrier Rd,Waterloo,IA,10295
Armani,Petty,596 Hackberry Rd,Watertown,NY,05220
Denisse,Whitney,222 Hall Point Rd,Watertown,SD,51944
Kourtney,Baird,592 Harriet House Rd,Wausau,WI,82794
Jailyn,Hooper,957 Hatch Cove Rd,Wenatchee,WA,31070
Kayden,Pollard,202 Heath Rd,West Palm Beach,FL,86091
Nyasia,Zavala,555 Hemlock Dr,Westchester County,NY,82843
Hayleigh,Jarvis,20 Henny Rd,Whitehorse,YT,55053
Karyme,Holden,552 Hidden Valley Ln,Wichita Falls,TX,30886
Roselyn,Haas,465 Hill Top Rd,Wichita,KS,69281
Aryana,Hendrix,981 Homestead Ln,Wilkes-Barre,PA,06803
Lainey,Mcgrath,975 Hutchings Rd,Scranton,PA,25688
Robin,Bird,972 Ice Palace Ln,Williams Lake,BC,78785
Makaila,Lucero,16 Indian Point Rd,Williamsport,PA,85012
Myra,Terrell,724 Indigo Rd,Williston,ND,09894
Natalya,Riggs,578 Isabelle Ln,Wilmington,NC,17190
Anita,Joyce,324 Island View Dr,Windsor,ON,66852
Kellie,Mercer,33 James Hall Rd,Winnipeg,MB,52854
Rowan,Rollins,826 Jared Rd,Worland,WY,91573
Arly,Galloway,679 Jones Point Rd,Yakima,WA,56760
Dasia,Duke,566 Juniper Ln,Yellowknife,NT,24357
Delia,Odom,218 Kennedy Cottage Rd,Yuma,AZ,23805
Jaylyn,Andersen,665 Kieve Rd,Edmonton,AB,65983
Lucille,Downs,737 Knoll Crest Rd,El Centro,CA,96709
Taya,Hatfield,72 Ladds Hill Rd,Imperial,CA,17336
Bridgette,Benitez,944 Lady Slipper Ln,El Paso,TX,23979
Yaritza,Archer,825 Lake View Dr,Elko,NV,23861
Silvia,Huerta,31 Lavway Rd,Elmira,NY,59882
Abril,Travis,343 Lazy Acres Ln,Corning,NY,94073
Christy,Mcneil,518 Learning Center Rd,Enid,OK,88746
Mandy,Hinton,454 Ledgey Acres Ln,Erie,PA,67437
Loren,Zhang,307 Lester Rd,Escanaba,MI,25192
Sariah,Hays,885 Lily Dr,Eugene,OR,88140
Alexys,Mayo,164 Lincoln St,Eureka,CA,45240
Brionna,Fritz,538 Little Ln,Arcata,CA,49895
Brook,Branch,391 Loch Erin Rd,Evansville,IN,12170
Shawna,Mooney,622 Long Point Cv,Fairbanks,AK,35007
Tristen,Ewing,75 Lower Burma Rd,Fargo,ND,62273
Baby,Ritter,892 Lower Cross Rd,Farmington,NM,53170
Bryana,Esparza,935 Main St,Fayetteville,AR,87522
Kaci,Frey,679 Mallard Rd,Fayetteville,NC,83110
Saniya,Braun,540 Maple Dr,Flint,MI,86458
Trisha,Gay,228 Mapleridge Rd,Florence,SC,72032
Bonnie,Riddle,281 McClintick Dr,Franklin,PA,63214
Katerina,Haney,580 McNeil Rd,Fredericton,NB,68177
Sonya,Kaiser,392 Meadow Lake Rd,Fresno,CA,64684
Selina,Holder,337 Merton Rd,Ft. Dodge,IA,37975
Vanesa,Chaney,929 Milky Way Rd,Ft. Huachuca,AZ,83687
Citlali,Mcknight,709 Mill Stream Ln,Sierra Vista,AZ,53409
Iyanna,Gamble,418 Moody's Island Rd,Ft. Lauderdale,FL,87599
Miya,Vang,258 Morang Cove Rd,Ft. Leonard Wood,MO,10805
Phoenix,Cooley,849 Morgan Hill Rd,Ft. McMurray,AB,05683
Asha,Carney,884 Mountain Rd,Ft. Myers,FL,09159
Kinsey,Cowan,89 Mulligan Ln,Ft. Smith,AR,40334
Mira,Forbes,181 Narrows Rd,Ft. St John,BC,66541
Priscila,Ferrell,398 Nash Rd,Ft. Walton Beach,FL,99568
Amaris,Davies,557 Nobleboro Woods Rd,Ft. Wayne,IN,24253
Kacey,Barajas,218 Northeast Ln,Gainesville,FL,35623
Reanna,Shea,239 Old County Rd,Garden City,KS,42522
Alani,Osborn,950 Old Farm Rd,Gaspe,QC,63232
Alexandrea,Bright,426 Oliver Woods Rd,Gillette,WY,22849
Breonna,Cuevas,306 Oyster Creek Ln,Goose Bay,NL,49428
Kaydence,Bolton,209 Paine Rd,Grand Canyon,AZ,56945
Caleigh,Murillo,989 Palmer Hill Rd,Grand Forks,ND,02621
Iyana,Lutz,66 Partridge Ln,Grand Island,NE,94534
Kaylen,Duarte,664 Pepper Rd,Grand Junction,CO,62423
Laisha,Kidd,139 Percy Cove Rd,Grand Rapids,MI,70415
Rory,Key,606 Pilot Cir,Grande Prairie,AB,57753
Angeline,Cooke,462 Pine Ridge Dr,Great Bend,KS,93631
Katy,Miller,833 Potter Point Rd,Great Falls,MT,35428
